timestamp,gpu0_core,gpu0_junc,gpu0_vram,gpu0_pwr,gpu1_core,gpu1_junc,gpu1_vram,gpu1_pwr,sm_max,util_max,fan1_rpm,fan2_rpm,cpu_C,inlet_C,hottest
2026-07-04 07:52:30,38.0,52.0,48.0,114.29,41.0,52.0,46.0,99.28,1890.0,0.0,1920,1800,46,21,gpu0
2026-07-04 07:52:44,38.0,52.0,48.0,114.53,41.0,53.0,46.0,99.8,1890.0,2.0,1920,1800,46,21,gpu1
2026-07-04 07:52:58,39.0,52.0,48.0,115.72,42.0,53.0,46.0,100.29,1890.0,0.0,1920,1800,46,21,gpu1
2026-07-04 07:53:08,40.0,54.0,52.0,116.57,56.0,67.0,62.0,445.53,1995.0,99.0,1920,1800,45,21,gpu1
2026-07-04 07:53:18,53.0,67.0,68.0,335.33,59.0,71.0,68.0,446.13,2025.0,99.0,1920,1800,44,21,gpu1
2026-07-04 07:53:26,56.0,70.0,72.0,335.46,62.0,74.0,72.0,447.1,2010.0,99.0,2760,2760,45,21,gpu1
2026-07-04 07:53:34,59.0,74.0,74.0,335.42,64.0,76.0,76.0,444.99,1965.0,99.0,2760,2760,44,20,gpu1
2026-07-04 07:53:42,61.0,77.0,76.0,335.66,66.0,78.0,78.0,443.97,1995.0,99.0,3120,3000,45,20,gpu1
2026-07-04 07:53:51,64.0,80.0,80.0,335.99,69.0,80.0,82.0,445.41,2010.0,99.0,3480,3360,45,21,gpu0
2026-07-04 07:54:00,66.0,82.0,82.0,335.88,70.0,82.0,84.0,445.65,1935.0,99.0,3480,3360,43,20,gpu0
2026-07-04 07:54:09,68.0,84.0,84.0,335.14,71.0,82.0,84.0,445.82,2010.0,99.0,3480,3360,43,21,gpu0
2026-07-04 07:54:16,70.0,86.0,86.0,336.09,71.0,83.0,86.0,444.98,1965.0,99.0,3600,3480,44,20,gpu0
2026-07-04 07:54:24,71.0,87.0,88.0,336.24,72.0,84.0,86.0,447.4,1995.0,99.0,3600,3480,43,20,gpu0
2026-07-04 07:54:32,72.0,88.0,90.0,333.67,73.0,85.0,88.0,445.51,1935.0,99.0,3840,3720,42,20,gpu0
2026-07-04 07:54:41,73.0,89.0,92.0,332.12,73.0,85.0,88.0,447.2,1965.0,99.0,3840,3720,42,21,gpu0
2026-07-04 07:54:50,73.0,89.0,92.0,332.12,74.0,86.0,90.0,445.3,1890.0,99.0,3840,3720,42,21,gpu0
2026-07-04 07:54:58,74.0,90.0,94.0,332.58,74.0,86.0,92.0,447.64,1950.0,99.0,3840,3720,43,21,gpu0
2026-07-04 07:55:09,75.0,90.0,96.0,331.85,74.0,87.0,92.0,446.24,1950.0,99.0,4200,3960,41,21,gpu0
2026-07-04 07:55:20,75.0,91.0,96.0,332.39,74.0,86.0,92.0,445.72,1965.0,99.0,4200,3960,41,21,gpu0
2026-07-04 07:55:32,76.0,92.0,96.0,332.93,74.0,87.0,92.0,446.19,1890.0,99.0,4440,4200,42,21,gpu0
2026-07-04 07:55:39,76.0,92.0,98.0,333.49,74.0,87.0,92.0,446.12,1920.0,99.0,4320,4200,41,21,gpu0
2026-07-04 07:55:47,77.0,92.0,98.0,333.2,74.0,87.0,92.0,447.06,1890.0,99.0,4320,4200,41,21,gpu0
2026-07-04 07:55:58,77.0,93.0,98.0,333.02,75.0,87.0,92.0,445.95,1890.0,99.0,4440,4200,42,21,gpu0
2026-07-04 07:56:06,78.0,93.0,98.0,333.65,75.0,87.0,92.0,447.63,1890.0,99.0,4440,4200,40,21,gpu0
2026-07-04 07:56:14,78.0,94.0,100.0,333.51,75.0,87.0,92.0,445.87,1965.0,99.0,4320,4200,40,21,gpu0
2026-07-04 07:56:24,79.0,95.0,100.0,334.4,75.0,87.0,92.0,445.26,1965.0,99.0,4560,4320,40,21,gpu0
2026-07-04 07:56:34,80.0,95.0,100.0,333.37,76.0,87.0,90.0,446.69,1980.0,97.0,4560,4320,40,21,gpu0
2026-07-04 07:56:42,80.0,95.0,100.0,334.04,75.0,87.0,92.0,446.08,1935.0,99.0,4680,4440,40,21,gpu0
2026-07-04 07:56:51,80.0,96.0,100.0,333.91,75.0,87.0,92.0,445.5,1905.0,97.0,4680,4440,40,21,gpu0
2026-07-04 07:56:59,80.0,96.0,100.0,334.05,75.0,87.0,92.0,446.13,1935.0,97.0,4680,4440,40,21,gpu0
2026-07-04 07:57:09,80.0,96.0,100.0,333.95,75.0,88.0,92.0,445.31,1905.0,97.0,4680,4440,41,21,gpu0
2026-07-04 07:57:18,80.0,96.0,100.0,334.68,75.0,86.0,92.0,446.18,1935.0,99.0,4680,4440,40,21,gpu0
2026-07-04 07:57:26,80.0,96.0,100.0,334.86,75.0,87.0,92.0,445.69,1965.0,97.0,4680,4440,40,21,gpu0
2026-07-04 07:57:36,81.0,96.0,100.0,334.42,75.0,87.0,92.0,447.36,1890.0,99.0,4680,4440,40,21,gpu0
2026-07-04 07:57:44,81.0,96.0,100.0,335.44,62.0,68.0,76.0,40.34,1260.0,99.0,4680,4440,41,21,gpu0
2026-07-04 07:57:52,65.0,75.0,88.0,22.9,58.0,65.0,70.0,22.68,210.0,0.0,4680,4440,42,21,gpu0
2026-07-04 07:57:59,61.0,70.0,84.0,20.98,70.0,81.0,84.0,445.44,1965.0,99.0,4320,4080,42,21,gpu1
2026-07-04 07:58:07,71.0,87.0,94.0,333.73,72.0,84.0,86.0,445.7,1920.0,99.0,3480,3360,42,21,gpu0
2026-07-04 07:58:15,72.0,89.0,96.0,332.16,73.0,85.0,88.0,447.35,1950.0,99.0,3840,3720,41,21,gpu0
2026-07-04 07:58:26,75.0,91.0,96.0,332.91,74.0,86.0,90.0,445.57,1980.0,99.0,3960,3960,41,21,gpu0
2026-07-04 07:58:38,77.0,92.0,98.0,332.41,75.0,86.0,92.0,446.1,1950.0,97.0,4200,3960,41,21,gpu0
2026-07-04 07:58:46,77.0,93.0,100.0,332.72,75.0,87.0,92.0,446.06,1920.0,99.0,4200,3960,41,21,gpu0
2026-07-04 07:58:53,78.0,94.0,100.0,333.85,75.0,87.0,92.0,447.03,1950.0,99.0,4560,4320,40,21,gpu0
2026-07-04 07:59:04,79.0,95.0,100.0,333.97,75.0,87.0,92.0,445.86,1965.0,99.0,4560,4320,41,21,gpu0
2026-07-04 07:59:12,80.0,95.0,100.0,333.24,75.0,87.0,92.0,445.81,1920.0,96.0,4560,4320,41,21,gpu0
2026-07-04 07:59:20,80.0,95.0,102.0,332.96,75.0,87.0,92.0,446.86,1920.0,99.0,4680,4440,41,21,gpu0
2026-07-04 07:59:32,81.0,97.0,102.0,333.99,75.0,87.0,90.0,446.26,1905.0,99.0,4680,4440,40,21,gpu0
2026-07-04 07:59:42,81.0,97.0,100.0,335.32,75.0,87.0,92.0,445.82,1950.0,99.0,4680,4440,41,21,gpu0
2026-07-04 07:59:49,81.0,97.0,102.0,334.71,75.0,87.0,92.0,447.15,1965.0,99.0,4680,4440,40,21,gpu0
2026-07-04 07:59:59,81.0,97.0,102.0,335.62,75.0,87.0,92.0,446.4,1950.0,99.0,4680,4440,40,21,gpu0
2026-07-04 08:00:07,81.0,97.0,102.0,334.87,75.0,87.0,92.0,447.22,1950.0,99.0,4680,4440,40,21,gpu0
2026-07-04 08:00:17,81.0,97.0,102.0,335.34,76.0,87.0,92.0,445.96,1965.0,99.0,4680,4440,40,21,gpu0
2026-07-04 08:00:27,82.0,97.0,102.0,335.37,76.0,87.0,92.0,445.55,1950.0,99.0,4800,4440,40,21,gpu0
2026-07-04 08:00:35,81.0,97.0,102.0,336.11,75.0,87.0,94.0,447.4,1995.0,99.0,4680,4440,41,21,gpu0
2026-07-04 08:00:43,82.0,97.0,102.0,334.81,75.0,87.0,92.0,446.75,1920.0,99.0,4680,4440,40,21,gpu0
2026-07-04 08:00:53,81.0,97.0,102.0,335.36,75.0,87.0,92.0,445.3,1965.0,99.0,4680,4440,40,21,gpu0
2026-07-04 08:01:02,81.0,97.0,102.0,335.11,76.0,87.0,92.0,446.19,1935.0,99.0,4680,4440,40,21,gpu0
2026-07-04 08:01:09,81.0,97.0,102.0,336.06,75.0,87.0,92.0,446.99,1950.0,99.0,4680,4440,40,21,gpu0
2026-07-04 08:01:19,81.0,97.0,102.0,335.4,75.0,87.0,92.0,447.41,1950.0,99.0,4680,4440,40,21,gpu0
2026-07-04 08:01:27,81.0,97.0,102.0,333.45,76.0,87.0,92.0,447.08,1950.0,96.0,4680,4440,40,21,gpu0
2026-07-04 08:01:35,81.0,97.0,102.0,335.45,75.0,87.0,94.0,446.2,1920.0,99.0,4680,4440,41,21,gpu0
2026-07-04 08:01:43,82.0,97.0,102.0,334.65,76.0,87.0,92.0,446.61,1935.0,99.0,4680,4440,40,21,gpu0
2026-07-04 08:01:51,81.0,97.0,102.0,335.58,75.0,87.0,92.0,446.16,1890.0,99.0,4680,4440,41,21,gpu0
2026-07-04 08:02:00,81.0,97.0,102.0,335.71,75.0,87.0,92.0,446.46,1905.0,99.0,4680,4440,40,21,gpu0
2026-07-04 08:02:08,81.0,97.0,102.0,334.56,75.0,87.0,92.0,445.55,1980.0,99.0,4680,4440,40,21,gpu0
2026-07-04 08:02:16,81.0,97.0,102.0,333.4,75.0,87.0,92.0,445.37,1905.0,97.0,4680,4440,40,21,gpu0
2026-07-04 08:02:26,81.0,97.0,102.0,334.91,75.0,87.0,92.0,446.46,1965.0,99.0,4680,4440,40,21,gpu0
2026-07-04 08:02:35,81.0,97.0,102.0,335.44,75.0,87.0,92.0,446.69,1890.0,98.0,4680,4440,40,21,gpu0
2026-07-04 08:02:43,81.0,97.0,102.0,336.08,75.0,86.0,92.0,446.33,1980.0,99.0,4680,4440,41,21,gpu0
2026-07-04 08:02:52,81.0,97.0,102.0,335.42,75.0,87.0,92.0,445.43,1980.0,99.0,4680,4440,40,21,gpu0
2026-07-04 08:03:00,81.0,97.0,102.0,334.03,75.0,87.0,92.0,446.63,1935.0,97.0,4680,4440,40,21,gpu0
2026-07-04 08:03:08,81.0,97.0,102.0,334.99,75.0,87.0,92.0,446.42,1965.0,97.0,4680,4440,40,21,gpu0
2026-07-04 08:03:20,81.0,96.0,102.0,334.39,76.0,87.0,92.0,445.92,1890.0,99.0,4680,4440,41,21,gpu0
2026-07-04 08:03:31,81.0,96.0,102.0,335.42,75.0,87.0,92.0,447.6,1950.0,99.0,4680,4440,40,21,gpu0
2026-07-04 08:03:41,80.0,96.0,102.0,334.08,75.0,87.0,92.0,445.77,1965.0,97.0,4680,4440,40,21,gpu0
2026-07-04 08:03:49,81.0,96.0,102.0,335.26,76.0,87.0,92.0,447.07,1950.0,99.0,4680,4440,41,21,gpu0
2026-07-04 08:03:59,80.0,96.0,102.0,335.16,75.0,87.0,94.0,446.41,1920.0,99.0,4680,4440,41,21,gpu0
2026-07-04 08:04:07,79.0,96.0,102.0,333.88,75.0,87.0,92.0,446.76,1935.0,97.0,4680,4440,40,21,gpu0
2026-07-04 08:04:18,80.0,95.0,102.0,334.82,75.0,87.0,92.0,445.48,1965.0,99.0,4680,4440,41,21,gpu0
2026-07-04 08:04:28,79.0,95.0,102.0,334.66,75.0,87.0,94.0,445.96,1980.0,99.0,4680,4440,40,21,gpu0
2026-07-04 08:04:36,79.0,95.0,102.0,334.43,75.0,86.0,92.0,447.67,1965.0,99.0,4680,4440,40,21,gpu0
2026-07-04 08:04:44,79.0,95.0,102.0,334.62,75.0,86.0,92.0,444.88,1950.0,99.0,4680,4440,41,21,gpu0
2026-07-04 08:04:52,79.0,95.0,102.0,334.58,75.0,87.0,92.0,445.14,1965.0,99.0,4680,4440,41,21,gpu0
2026-07-04 08:05:00,79.0,95.0,102.0,334.42,75.0,87.0,92.0,445.41,1950.0,99.0,4680,4440,40,21,gpu0
2026-07-04 08:05:08,79.0,95.0,102.0,334.43,75.0,87.0,92.0,445.79,1905.0,99.0,4680,4440,41,21,gpu0
2026-07-04 08:05:16,79.0,95.0,102.0,334.58,75.0,86.0,92.0,446.08,1950.0,99.0,4680,4440,40,21,gpu0
2026-07-04 08:05:27,79.0,95.0,102.0,334.11,75.0,87.0,92.0,446.76,1950.0,99.0,4680,4440,41,21,gpu0
2026-07-04 08:05:35,78.0,95.0,102.0,334.42,75.0,87.0,92.0,445.7,1905.0,99.0,4680,4440,41,21,gpu0
2026-07-04 08:05:43,79.0,95.0,102.0,334.31,75.0,87.0,92.0,447.51,1980.0,99.0,4680,4440,41,21,gpu0
2026-07-04 08:05:51,79.0,95.0,102.0,334.22,76.0,87.0,92.0,445.86,1920.0,96.0,4680,4440,41,21,gpu0
2026-07-04 08:06:01,79.0,95.0,100.0,334.59,75.0,87.0,92.0,446.92,1950.0,99.0,4680,4440,41,21,gpu0
2026-07-04 08:06:09,79.0,95.0,102.0,333.92,75.0,87.0,92.0,447.17,1980.0,99.0,4680,4440,41,21,gpu0
2026-07-04 08:06:16,79.0,95.0,102.0,334.01,75.0,87.0,92.0,446.44,1935.0,99.0,4680,4440,41,21,gpu0
2026-07-04 08:06:27,80.0,95.0,100.0,334.57,75.0,87.0,92.0,445.96,1980.0,97.0,4680,4440,40,21,gpu0
2026-07-04 08:06:39,79.0,95.0,102.0,334.32,75.0,88.0,92.0,446.58,1965.0,98.0,4680,4440,41,21,gpu0
2026-07-04 08:06:50,79.0,95.0,102.0,334.87,75.0,87.0,92.0,445.77,1935.0,99.0,4680,4560,41,21,gpu0
2026-07-04 08:07:00,80.0,95.0,100.0,333.72,75.0,87.0,92.0,445.74,1950.0,97.0,4680,4440,41,21,gpu0
2026-07-04 08:07:08,80.0,95.0,102.0,334.25,75.0,87.0,92.0,446.94,1920.0,99.0,4680,4440,41,21,gpu0
2026-07-04 08:07:16,80.0,95.0,102.0,334.67,75.0,87.0,92.0,446.54,1935.0,99.0,4680,4440,42,21,gpu0
2026-07-04 08:07:24,79.0,95.0,100.0,334.7,76.0,87.0,92.0,446.9,1980.0,99.0,4680,4440,41,21,gpu0
2026-07-04 08:07:36,79.0,95.0,102.0,333.85,75.0,87.0,92.0,446.13,1890.0,96.0,4680,4440,41,21,gpu0
2026-07-04 08:07:43,79.0,95.0,100.0,334.55,75.0,87.0,92.0,445.69,1890.0,99.0,4680,4440,41,21,gpu0
2026-07-04 08:07:54,79.0,95.0,102.0,333.47,75.0,87.0,92.0,446.6,1995.0,97.0,4680,4440,41,21,gpu0
2026-07-04 08:08:02,79.0,95.0,100.0,334.32,75.0,87.0,92.0,446.43,1980.0,96.0,4680,4440,40,21,gpu0
2026-07-04 08:08:10,79.0,95.0,102.0,334.54,75.0,87.0,92.0,445.68,1905.0,99.0,4680,4440,41,21,gpu0
2026-07-04 08:08:18,79.0,95.0,102.0,334.92,76.0,86.0,92.0,446.33,1950.0,99.0,4680,4440,41,21,gpu0
2026-07-04 08:08:29,79.0,95.0,102.0,333.67,75.0,87.0,92.0,445.59,1950.0,99.0,4680,4440,41,21,gpu0
2026-07-04 08:08:36,79.0,95.0,102.0,333.49,75.0,87.0,92.0,445.44,1950.0,99.0,4680,4440,41,21,gpu0
2026-07-04 08:08:44,79.0,95.0,102.0,334.33,75.0,87.0,92.0,446.48,1950.0,99.0,4680,4440,41,21,gpu0
2026-07-04 08:08:55,79.0,95.0,102.0,334.04,75.0,87.0,92.0,446.97,1890.0,99.0,4680,4440,41,21,gpu0
2026-07-04 08:09:03,79.0,95.0,102.0,334.57,75.0,87.0,92.0,445.52,1965.0,98.0,4680,4440,40,21,gpu0
2026-07-04 08:09:11,79.0,95.0,102.0,335.17,76.0,87.0,92.0,446.13,1890.0,99.0,4680,4440,40,21,gpu0
2026-07-04 08:09:23,79.0,95.0,102.0,333.39,75.0,87.0,92.0,446.86,1890.0,99.0,4680,4440,41,21,gpu0
2026-07-04 08:09:33,80.0,95.0,102.0,334.5,75.0,88.0,92.0,446.32,1920.0,96.0,4680,4440,41,21,gpu0
2026-07-04 08:09:40,79.0,95.0,100.0,334.33,76.0,87.0,92.0,446.26,1905.0,99.0,4680,4440,41,21,gpu0
2026-07-04 08:09:49,79.0,94.0,102.0,334.19,76.0,87.0,92.0,447.3,1995.0,99.0,4680,4440,41,21,gpu0
2026-07-04 08:09:57,79.0,94.0,100.0,332.79,76.0,87.0,92.0,446.07,1950.0,96.0,4680,4440,41,21,gpu0
2026-07-04 08:10:06,79.0,95.0,102.0,334.29,75.0,87.0,92.0,447.29,1935.0,99.0,4680,4440,40,21,gpu0
2026-07-04 08:10:15,79.0,94.0,102.0,333.89,75.0,87.0,92.0,446.52,1920.0,97.0,4680,4440,41,21,gpu0
2026-07-04 08:10:23,79.0,94.0,100.0,334.03,76.0,87.0,92.0,445.8,1890.0,99.0,4680,4440,41,21,gpu0
2026-07-04 08:10:31,79.0,94.0,102.0,333.65,76.0,87.0,92.0,446.99,1950.0,99.0,4680,4440,40,21,gpu0
2026-07-04 08:10:41,79.0,94.0,102.0,334.54,75.0,87.0,92.0,446.96,1965.0,97.0,4680,4440,41,21,gpu0
2026-07-04 08:10:49,79.0,94.0,100.0,334.45,75.0,87.0,92.0,446.71,1890.0,99.0,4680,4440,41,21,gpu0
2026-07-04 08:10:57,79.0,94.0,102.0,334.13,75.0,87.0,92.0,447.57,1980.0,99.0,4680,4440,41,21,gpu0
2026-07-04 08:11:05,79.0,94.0,100.0,332.7,76.0,87.0,92.0,445.85,1965.0,97.0,4680,4440,41,21,gpu0
2026-07-04 08:11:15,79.0,94.0,102.0,333.52,75.0,87.0,92.0,445.87,1980.0,98.0,4680,4440,41,21,gpu0
2026-07-04 08:11:23,79.0,94.0,102.0,334.05,75.0,87.0,92.0,446.91,1950.0,99.0,4680,4440,41,21,gpu0
2026-07-04 08:11:31,79.0,95.0,100.0,333.65,75.0,87.0,94.0,446.74,1905.0,98.0,4680,4440,41,21,gpu0
2026-07-04 08:11:39,79.0,95.0,102.0,333.68,76.0,87.0,92.0,445.98,1950.0,99.0,4680,4440,41,21,gpu0
2026-07-04 08:11:50,79.0,95.0,102.0,334.25,76.0,87.0,92.0,445.87,1965.0,99.0,4680,4440,41,21,gpu0
2026-07-04 08:12:02,79.0,95.0,102.0,333.7,76.0,87.0,92.0,446.86,1920.0,98.0,4680,4440,41,21,gpu0
2026-07-04 08:12:09,79.0,95.0,102.0,333.25,75.0,87.0,92.0,446.22,1905.0,99.0,4680,4440,41,21,gpu0
2026-07-04 08:12:17,79.0,95.0,102.0,333.43,75.0,88.0,92.0,446.57,1980.0,96.0,4680,4440,41,21,gpu0
2026-07-04 08:12:26,79.0,95.0,102.0,334.19,75.0,87.0,92.0,447.18,1950.0,99.0,4680,4440,41,21,gpu0
2026-07-04 08:12:33,79.0,95.0,102.0,333.71,75.0,87.0,92.0,447.36,1950.0,99.0,4680,4440,40,21,gpu0
2026-07-04 08:12:41,79.0,95.0,102.0,333.3,75.0,87.0,92.0,446.39,1950.0,97.0,4680,4440,41,21,gpu0
2026-07-04 08:12:50,79.0,95.0,102.0,334.05,75.0,87.0,92.0,445.16,1890.0,99.0,4680,4440,41,21,gpu0
2026-07-04 08:12:58,79.0,95.0,102.0,334.67,75.0,87.0,92.0,446.34,1980.0,99.0,4680,4440,41,21,gpu0
2026-07-04 08:13:06,79.0,95.0,100.0,334.1,76.0,87.0,92.0,445.67,1980.0,96.0,4680,4560,41,21,gpu0
2026-07-04 08:13:17,66.0,80.0,90.0,137.78,62.0,73.0,74.0,75.92,1890.0,4.0,4800,4440,42,21,gpu0
2026-07-04 08:13:33,62.0,75.0,82.0,133.27,58.0,68.0,66.0,106.28,1890.0,2.0,3240,3120,43,21,gpu0
2026-07-04 08:13:47,60.0,72.0,78.0,131.29,56.0,66.0,64.0,102.79,1890.0,0.0,3120,3000,43,21,gpu0
2026-07-04 08:14:01,58.0,71.0,76.0,129.61,54.0,65.0,60.0,101.89,1890.0,2.0,3120,3000,43,21,gpu0
2026-07-04 08:14:16,56.0,69.0,72.0,128.26,54.0,64.0,60.0,101.56,1890.0,2.0,2880,2760,43,21,gpu0
2026-07-04 08:25:22,40.0,54.0,48.0,113.65,41.0,52.0,46.0,99.68,1890.0,0.0,1920,1800,47,21,gpu0
2026-07-04 08:25:38,40.0,54.0,48.0,114.6,41.0,52.0,44.0,100.1,1890.0,2.0,1920,1800,47,21,gpu0
2026-07-04 08:25:50,42.0,57.0,52.0,123.76,56.0,68.0,62.0,445.97,2040.0,99.0,1920,1800,47,21,gpu1
2026-07-04 08:25:58,53.0,67.0,66.0,334.59,59.0,71.0,68.0,447.53,2025.0,99.0,1920,1800,45,21,gpu1
2026-07-04 08:26:06,56.0,71.0,72.0,335.68,62.0,73.0,72.0,447.39,1950.0,99.0,2760,2760,46,21,gpu1
2026-07-04 08:26:15,60.0,75.0,76.0,335.44,64.0,76.0,76.0,446.55,2040.0,99.0,3120,3000,45,21,gpu1
2026-07-04 08:26:25,63.0,78.0,78.0,337.21,67.0,78.0,78.0,446.12,2025.0,99.0,3360,3240,45,21,gpu0
2026-07-04 08:26:37,66.0,82.0,82.0,335.59,70.0,81.0,82.0,447.08,1995.0,99.0,3360,3240,45,21,gpu0
2026-07-04 08:26:44,68.0,84.0,84.0,335.58,70.0,82.0,84.0,445.33,1920.0,99.0,3480,3360,45,21,gpu0
2026-07-04 08:26:52,70.0,86.0,86.0,335.31,71.0,83.0,86.0,445.33,1965.0,99.0,3600,3480,44,21,gpu0
2026-07-04 08:27:04,71.0,87.0,88.0,334.58,72.0,84.0,86.0,446.3,1980.0,96.0,3720,3600,44,21,gpu0
2026-07-04 08:27:12,72.0,88.0,90.0,333.58,73.0,85.0,88.0,445.33,1935.0,99.0,3720,3600,43,21,gpu0
2026-07-04 08:27:20,73.0,89.0,92.0,334.88,73.0,85.0,90.0,445.94,1950.0,99.0,3840,3600,43,20,gpu0
2026-07-04 08:27:28,74.0,89.0,92.0,333.95,74.0,86.0,90.0,447.11,1935.0,99.0,4200,3960,44,20,gpu0
2026-07-04 08:27:38,74.0,90.0,94.0,332.03,74.0,86.0,90.0,446.13,1980.0,99.0,4200,3960,43,20,gpu0
2026-07-04 08:27:46,74.0,91.0,96.0,333.33,74.0,86.0,90.0,447.3,1950.0,99.0,4200,3960,43,20,gpu0
2026-07-04 08:27:55,75.0,91.0,96.0,332.89,74.0,86.0,90.0,446.46,1980.0,99.0,4200,3960,42,20,gpu0
2026-07-04 08:28:03,76.0,91.0,96.0,332.87,75.0,86.0,90.0,446.0,1995.0,99.0,4200,3960,41,20,gpu0
2026-07-04 08:28:12,76.0,92.0,98.0,333.26,75.0,87.0,92.0,445.51,1890.0,99.0,4200,4080,42,20,gpu0
2026-07-04 08:28:20,76.0,92.0,98.0,332.8,75.0,87.0,92.0,447.61,1905.0,99.0,4440,4200,42,20,gpu0
2026-07-04 08:28:28,76.0,92.0,98.0,333.36,76.0,87.0,90.0,446.25,1950.0,98.0,4320,4200,42,20,gpu0
2026-07-04 08:28:38,77.0,92.0,98.0,332.25,75.0,87.0,92.0,445.6,1965.0,99.0,4440,4200,41,20,gpu0
2026-07-04 08:28:49,77.0,93.0,100.0,332.63,74.0,87.0,92.0,445.36,1980.0,98.0,4440,4200,41,20,gpu0
2026-07-04 08:28:57,77.0,93.0,100.0,333.82,75.0,87.0,92.0,446.91,1890.0,98.0,4440,4200,42,20,gpu0
2026-07-04 08:29:05,77.0,93.0,100.0,332.98,75.0,87.0,94.0,445.27,1965.0,99.0,4560,4320,41,20,gpu0
2026-07-04 08:29:14,77.0,93.0,100.0,333.66,75.0,87.0,92.0,447.26,1890.0,99.0,4560,4320,41,20,gpu0
2026-07-04 08:29:21,78.0,93.0,100.0,332.81,75.0,87.0,92.0,444.99,1950.0,99.0,4560,4320,41,20,gpu0
2026-07-04 08:29:29,78.0,94.0,100.0,332.95,76.0,87.0,92.0,446.3,1980.0,97.0,4560,4320,41,20,gpu0
2026-07-04 08:29:39,78.0,94.0,100.0,333.8,75.0,87.0,94.0,446.63,1950.0,97.0,4560,4320,41,20,gpu0
2026-07-04 08:29:47,78.0,94.0,102.0,333.7,75.0,87.0,92.0,445.95,1920.0,99.0,4560,4320,40,20,gpu0
2026-07-04 08:29:55,78.0,94.0,100.0,333.75,76.0,87.0,92.0,446.15,1890.0,99.0,4560,4320,41,20,gpu0
2026-07-04 08:30:04,79.0,94.0,100.0,333.27,76.0,87.0,92.0,447.36,1890.0,99.0,4560,4320,41,20,gpu0
2026-07-04 08:30:12,78.0,94.0,102.0,334.12,75.0,87.0,92.0,445.34,1920.0,99.0,4560,4320,40,20,gpu0
2026-07-04 08:30:20,79.0,94.0,102.0,333.78,75.0,87.0,92.0,446.26,1965.0,99.0,4560,4320,41,20,gpu0
2026-07-04 08:30:29,75.0,88.0,94.0,183.79,59.0,67.0,72.0,25.05,495.0,0.0,4560,4320,42,20,gpu0
2026-07-04 08:30:36,64.0,74.0,86.0,21.16,69.0,81.0,78.0,359.93,1995.0,99.0,4560,4320,42,20,gpu1
2026-07-04 08:30:46,70.0,87.0,94.0,333.81,72.0,83.0,86.0,445.4,2010.0,99.0,3480,3360,42,21,gpu0
2026-07-04 08:30:54,73.0,89.0,94.0,331.13,73.0,85.0,88.0,445.4,1905.0,99.0,3480,3360,41,20,gpu0
2026-07-04 08:31:02,74.0,90.0,96.0,331.15,73.0,86.0,90.0,447.49,1965.0,99.0,3840,3720,41,21,gpu0
2026-07-04 08:31:10,75.0,91.0,98.0,332.22,74.0,86.0,90.0,445.49,1935.0,99.0,4200,3960,41,20,gpu0
2026-07-04 08:31:17,67.0,79.0,88.0,91.8,60.0,67.0,72.0,31.47,210.0,0.0,4200,3960,42,21,gpu0
2026-07-04 08:31:26,61.0,71.0,82.0,20.62,57.0,64.0,70.0,21.58,210.0,0.0,4200,3960,42,21,gpu0
2026-07-04 08:31:33,58.0,67.0,78.0,19.56,55.0,62.0,66.0,19.47,210.0,0.0,3120,3000,42,20,gpu0
2026-07-04 08:31:44,55.0,65.0,76.0,18.48,53.0,61.0,62.0,18.31,210.0,0.0,3120,3000,43,21,gpu0
2026-07-04 08:31:51,53.0,63.0,72.0,18.4,52.0,60.0,62.0,17.57,210.0,0.0,2760,2640,43,21,gpu0
2026-07-04 08:31:59,52.0,61.0,70.0,17.66,51.0,59.0,60.0,16.46,210.0,0.0,2640,2520,43,21,gpu0
2026-07-04 08:32:07,50.0,60.0,68.0,17.45,51.0,58.0,60.0,16.2,210.0,0.0,2640,2520,43,21,gpu0
2026-07-04 08:32:16,49.0,58.0,66.0,17.21,50.0,57.0,58.0,16.63,210.0,0.0,2640,2520,43,21,gpu0
2026-07-04 08:32:24,48.0,57.0,64.0,16.92,49.0,57.0,58.0,15.95,210.0,0.0,2400,2280,43,21,gpu0
2026-07-04 08:32:35,46.0,56.0,64.0,16.49,48.0,56.0,56.0,15.73,210.0,0.0,2400,2280,43,21,gpu0
2026-07-04 08:32:46,45.0,54.0,60.0,16.38,47.0,55.0,54.0,15.26,210.0,0.0,2400,2280,44,21,gpu1
2026-07-04 08:32:55,44.0,53.0,60.0,16.1,46.0,54.0,54.0,15.44,210.0,0.0,2280,2160,44,21,gpu1
2026-07-04 08:33:03,43.0,52.0,58.0,15.99,46.0,53.0,54.0,14.57,210.0,0.0,2280,2160,44,21,gpu1
2026-07-04 08:33:11,42.0,51.0,58.0,17.35,45.0,53.0,52.0,14.48,210.0,0.0,2280,2160,44,21,gpu1
2026-07-04 08:33:23,41.0,50.0,56.0,16.27,44.0,52.0,52.0,14.06,210.0,0.0,2280,2160,44,21,gpu1
2026-07-04 08:33:34,40.0,49.0,54.0,16.3,44.0,51.0,52.0,14.23,210.0,0.0,2040,1920,44,21,gpu1
2026-07-04 08:33:44,39.0,49.0,54.0,16.34,43.0,50.0,50.0,14.03,210.0,0.0,2040,1920,44,21,gpu1
2026-07-04 08:33:52,39.0,48.0,52.0,16.37,43.0,50.0,50.0,13.62,210.0,0.0,2040,1920,45,21,gpu1
2026-07-04 08:34:01,38.0,47.0,52.0,16.41,42.0,50.0,50.0,13.91,210.0,0.0,2040,1920,45,21,gpu1
2026-07-04 08:34:12,37.0,47.0,52.0,15.95,42.0,49.0,50.0,14.13,210.0,0.0,2040,1920,45,21,gpu1
2026-07-04 08:34:21,37.0,46.0,50.0,16.67,41.0,48.0,48.0,14.03,210.0,0.0,2040,1920,45,21,gpu1
2026-07-04 08:34:32,36.0,46.0,48.0,15.67,41.0,48.0,48.0,13.47,210.0,0.0,1920,1800,45,21,gpu1
2026-07-04 08:34:40,36.0,45.0,48.0,15.76,40.0,47.0,48.0,13.66,210.0,0.0,1920,1800,45,21,gpu1
2026-07-04 08:34:48,36.0,45.0,48.0,15.41,40.0,47.0,46.0,14.15,210.0,0.0,1920,1800,45,21,gpu1
2026-07-04 08:34:55,35.0,45.0,48.0,15.64,40.0,47.0,48.0,14.17,210.0,0.0,1920,1800,46,21,gpu1
2026-07-04 08:35:06,35.0,44.0,48.0,15.45,39.0,46.0,46.0,13.3,210.0,0.0,1920,1800,45,21,gpu1
2026-07-04 08:35:16,35.0,44.0,46.0,15.4,39.0,46.0,46.0,13.63,210.0,0.0,1920,1800,46,21,gpu1
2026-07-04 08:35:24,34.0,44.0,46.0,15.33,39.0,46.0,44.0,14.25,210.0,0.0,1920,1800,46,21,gpu1
2026-07-04 08:35:31,34.0,44.0,46.0,15.28,38.0,45.0,46.0,14.25,210.0,0.0,1800,1800,46,21,gpu1
2026-07-04 08:35:39,34.0,43.0,44.0,15.38,38.0,45.0,44.0,14.21,210.0,0.0,1800,1680,46,21,gpu1
2026-07-04 08:35:47,34.0,43.0,44.0,14.77,38.0,45.0,44.0,14.45,210.0,0.0,1800,1680,46,21,gpu1
2026-07-04 08:36:31,34.0,43.0,42.0,14.77,38.0,45.0,44.0,13.89,210.0,0.0,1800,1680,46,21,gpu1
2026-07-04 08:36:39,34.0,44.0,42.0,15.72,38.0,45.0,44.0,14.81,210.0,0.0,1800,1680,46,21,gpu1
2026-07-04 08:36:47,39.0,54.0,48.0,113.79,53.0,65.0,58.0,396.66,1875.0,99.0,1800,1680,47,21,gpu1
2026-07-04 08:36:56,49.0,64.0,62.0,293.99,57.0,68.0,66.0,397.71,1875.0,99.0,2280,2160,47,21,gpu1
2026-07-04 08:37:04,52.0,67.0,66.0,294.53,59.0,70.0,70.0,396.15,1980.0,99.0,2640,2520,47,21,gpu1
2026-07-04 08:37:12,55.0,70.0,70.0,292.15,61.0,72.0,74.0,397.08,1920.0,99.0,2880,2760,46,21,gpu1
2026-07-04 08:37:23,58.0,73.0,72.0,292.95,63.0,74.0,76.0,396.98,1935.0,99.0,3120,3000,46,21,gpu1
2026-07-04 08:37:31,61.0,76.0,76.0,294.64,65.0,77.0,78.0,397.87,1830.0,99.0,3240,3120,46,21,gpu1
2026-07-04 08:37:39,63.0,78.0,78.0,295.41,66.0,78.0,80.0,396.55,1860.0,99.0,3240,3240,46,21,gpu0
2026-07-04 08:37:47,64.0,80.0,80.0,297.65,68.0,80.0,84.0,396.6,1920.0,99.0,3240,3240,46,21,gpu0
2026-07-04 08:37:57,66.0,82.0,82.0,297.96,69.0,81.0,84.0,396.7,1905.0,99.0,3480,3360,46,21,gpu0
2026-07-04 08:38:04,67.0,83.0,84.0,295.87,70.0,81.0,86.0,397.28,1920.0,99.0,3480,3360,46,21,gpu0
2026-07-04 08:38:12,68.0,84.0,86.0,296.7,70.0,82.0,86.0,397.16,1845.0,99.0,3480,3360,45,21,gpu0
2026-07-04 08:38:21,69.0,85.0,88.0,296.56,70.0,82.0,86.0,397.02,1800.0,99.0,3480,3360,45,21,gpu0
2026-07-04 08:38:30,71.0,86.0,88.0,294.81,71.0,83.0,88.0,397.22,1920.0,99.0,3480,3360,45,21,gpu0
2026-07-04 08:38:38,71.0,86.0,90.0,295.13,71.0,84.0,90.0,397.9,1845.0,99.0,3720,3600,45,21,gpu0
2026-07-04 08:38:49,71.0,87.0,90.0,295.69,72.0,84.0,88.0,397.16,1875.0,99.0,3840,3720,45,21,gpu0
2026-07-04 08:38:58,72.0,87.0,90.0,294.92,72.0,84.0,90.0,397.94,1770.0,99.0,3840,3720,44,21,gpu0
2026-07-04 08:39:09,72.0,88.0,92.0,295.28,72.0,84.0,90.0,397.42,1800.0,99.0,3840,3720,44,21,gpu0
2026-07-04 08:39:17,73.0,88.0,92.0,292.68,73.0,84.0,90.0,397.86,1860.0,99.0,3840,3720,44,21,gpu0
2026-07-04 08:39:25,73.0,89.0,92.0,295.3,73.0,85.0,90.0,397.99,1800.0,99.0,3840,3720,44,21,gpu0
2026-07-04 08:39:35,73.0,88.0,94.0,294.98,73.0,84.0,90.0,397.12,1890.0,99.0,3840,3720,44,21,gpu0
2026-07-04 08:39:43,74.0,89.0,94.0,295.02,73.0,84.0,90.0,396.98,1860.0,99.0,4080,3840,44,21,gpu0
2026-07-04 08:39:50,74.0,89.0,96.0,296.06,73.0,85.0,92.0,398.02,1860.0,99.0,4200,3960,44,21,gpu0
2026-07-04 08:39:58,74.0,89.0,96.0,295.41,73.0,85.0,92.0,396.86,1860.0,99.0,4200,3960,44,21,gpu0
2026-07-04 08:40:06,74.0,89.0,96.0,294.06,73.0,85.0,92.0,397.33,1845.0,99.0,4200,3960,44,21,gpu0
2026-07-04 08:40:14,74.0,89.0,96.0,294.27,73.0,85.0,92.0,398.16,1830.0,99.0,4200,3960,44,21,gpu0
2026-07-04 08:40:22,74.0,90.0,96.0,296.03,73.0,85.0,92.0,397.43,1830.0,99.0,4200,3960,44,21,gpu0
2026-07-04 08:40:30,74.0,90.0,96.0,295.25,73.0,85.0,90.0,397.11,1845.0,99.0,4200,3960,44,21,gpu0
2026-07-04 08:40:40,74.0,90.0,96.0,295.31,73.0,85.0,92.0,398.36,1860.0,99.0,4200,3960,44,21,gpu0
2026-07-04 08:40:48,75.0,90.0,96.0,294.25,73.0,85.0,92.0,398.05,1845.0,99.0,4200,3960,44,21,gpu0
2026-07-04 08:40:56,75.0,90.0,96.0,295.0,73.0,85.0,90.0,397.97,1890.0,99.0,4200,4080,44,21,gpu0
2026-07-04 08:41:04,75.0,90.0,96.0,294.18,73.0,85.0,90.0,397.85,1860.0,99.0,4320,4080,44,21,gpu0
2026-07-04 08:41:14,75.0,90.0,98.0,296.05,73.0,85.0,92.0,398.05,1860.0,99.0,4320,4080,44,21,gpu0
2026-07-04 08:41:22,75.0,91.0,98.0,294.68,66.0,78.0,82.0,178.88,2055.0,99.0,4200,4080,43,21,gpu0
2026-07-04 08:41:29,66.0,75.0,86.0,46.95,59.0,66.0,72.0,23.27,210.0,0.0,4320,4080,44,21,gpu0
2026-07-04 08:41:40,61.0,78.0,82.0,49.82,68.0,80.0,84.0,397.14,1905.0,99.0,3360,3240,44,21,gpu1
2026-07-04 08:41:49,69.0,84.0,90.0,296.55,70.0,82.0,86.0,396.57,1935.0,99.0,3360,3240,44,21,gpu0
2026-07-04 08:41:56,70.0,86.0,92.0,295.22,71.0,82.0,88.0,397.39,1935.0,99.0,3480,3360,44,21,gpu0
2026-07-04 08:42:04,71.0,87.0,92.0,294.84,71.0,83.0,88.0,396.74,1905.0,99.0,3720,3600,44,21,gpu0
2026-07-04 08:42:15,73.0,88.0,94.0,295.09,72.0,84.0,90.0,397.26,1890.0,99.0,3720,3600,43,21,gpu0
2026-07-04 08:42:24,73.0,89.0,96.0,294.35,72.0,84.0,90.0,397.38,1905.0,99.0,3840,3720,43,21,gpu0
2026-07-04 08:42:32,74.0,89.0,96.0,294.04,73.0,85.0,90.0,396.38,1875.0,99.0,4080,3840,43,21,gpu0
2026-07-04 08:42:40,74.0,89.0,96.0,294.14,73.0,85.0,90.0,397.23,1875.0,99.0,4080,3840,44,21,gpu0
2026-07-04 08:42:50,75.0,90.0,96.0,295.73,73.0,85.0,90.0,397.47,1785.0,99.0,4080,3960,44,21,gpu0
2026-07-04 08:43:00,75.0,90.0,96.0,296.29,73.0,85.0,92.0,395.92,1920.0,99.0,4320,4080,43,21,gpu0
2026-07-04 08:43:08,75.0,90.0,98.0,294.09,73.0,85.0,92.0,396.61,1875.0,99.0,4320,4080,44,21,gpu0
2026-07-04 08:43:16,76.0,90.0,96.0,296.15,74.0,85.0,90.0,397.13,1785.0,99.0,4320,4080,44,21,gpu0
2026-07-04 08:43:23,75.0,90.0,96.0,295.84,74.0,86.0,92.0,397.72,1830.0,99.0,4320,4080,44,21,gpu0
2026-07-04 08:43:34,76.0,91.0,98.0,294.5,74.0,85.0,92.0,396.96,1875.0,99.0,4320,4080,43,21,gpu0
2026-07-04 08:43:44,75.0,91.0,98.0,295.2,73.0,85.0,92.0,396.81,1875.0,99.0,4320,4080,44,21,gpu0
2026-07-04 08:43:56,75.0,91.0,98.0,294.62,74.0,86.0,92.0,397.08,1830.0,99.0,4320,4200,44,21,gpu0
2026-07-04 08:44:03,76.0,91.0,98.0,295.45,73.0,85.0,92.0,396.52,1830.0,99.0,4440,4200,44,21,gpu0
2026-07-04 08:44:11,76.0,91.0,98.0,295.67,73.0,85.0,92.0,397.79,1905.0,99.0,4440,4200,44,21,gpu0
2026-07-04 08:44:22,76.0,91.0,98.0,293.78,73.0,85.0,92.0,396.86,1905.0,99.0,4440,4200,44,21,gpu0
2026-07-04 08:44:30,75.0,91.0,98.0,295.05,74.0,85.0,92.0,396.65,1875.0,99.0,4440,4200,44,21,gpu0
2026-07-04 08:44:37,76.0,91.0,98.0,293.84,73.0,86.0,92.0,396.64,1860.0,99.0,4320,4200,44,21,gpu0
2026-07-04 08:44:46,76.0,91.0,98.0,296.17,73.0,85.0,92.0,396.43,1785.0,99.0,4440,4200,43,21,gpu0
2026-07-04 08:44:58,76.0,90.0,98.0,294.12,73.0,85.0,92.0,397.0,1785.0,99.0,4440,4200,44,21,gpu0
2026-07-04 08:45:08,75.0,91.0,98.0,294.0,73.0,85.0,90.0,396.89,1890.0,99.0,4440,4200,43,21,gpu0
2026-07-04 08:45:16,75.0,90.0,98.0,293.98,73.0,85.0,92.0,397.31,1860.0,99.0,4440,4200,44,21,gpu0
2026-07-04 08:45:24,75.0,91.0,98.0,295.05,73.0,85.0,90.0,397.62,1845.0,99.0,4440,4200,44,21,gpu0
2026-07-04 08:45:32,75.0,91.0,98.0,296.03,73.0,85.0,92.0,395.96,1815.0,99.0,4440,4200,44,21,gpu0
2026-07-04 08:45:43,75.0,90.0,98.0,296.08,74.0,85.0,92.0,395.95,1905.0,99.0,4440,4200,44,21,gpu0
2026-07-04 08:45:50,75.0,90.0,98.0,294.1,73.0,85.0,92.0,396.94,1875.0,99.0,4440,4200,44,21,gpu0
2026-07-04 08:45:59,75.0,90.0,98.0,295.74,73.0,85.0,92.0,396.61,1800.0,99.0,4440,4200,44,21,gpu0
2026-07-04 08:46:08,75.0,90.0,98.0,294.46,73.0,85.0,92.0,397.08,1875.0,99.0,4320,4080,44,21,gpu0
2026-07-04 08:46:19,75.0,90.0,98.0,293.8,73.0,85.0,92.0,397.33,1860.0,99.0,4320,4080,44,21,gpu0
2026-07-04 08:46:31,75.0,90.0,98.0,293.94,73.0,85.0,90.0,396.19,1830.0,99.0,4320,4080,44,21,gpu0
2026-07-04 08:46:38,75.0,90.0,98.0,295.87,73.0,85.0,92.0,397.29,1860.0,99.0,4320,4080,44,21,gpu0
2026-07-04 08:46:46,75.0,90.0,98.0,293.52,74.0,85.0,90.0,396.25,1875.0,99.0,4320,4080,44,21,gpu0
2026-07-04 08:46:56,75.0,90.0,98.0,295.98,73.0,85.0,92.0,397.57,1875.0,99.0,4200,4080,44,21,gpu0
2026-07-04 08:47:06,75.0,90.0,98.0,293.74,73.0,85.0,92.0,396.59,1830.0,99.0,4200,4080,44,21,gpu0
2026-07-04 08:47:13,75.0,90.0,98.0,296.22,73.0,85.0,92.0,396.59,1875.0,99.0,4320,4080,44,21,gpu0
2026-07-04 08:47:22,75.0,90.0,98.0,295.1,73.0,85.0,92.0,397.07,1785.0,99.0,4320,4080,44,21,gpu0
2026-07-04 08:47:30,75.0,90.0,98.0,295.86,73.0,85.0,92.0,396.8,1860.0,99.0,4320,4080,44,21,gpu0
2026-07-04 08:47:37,75.0,90.0,98.0,294.06,73.0,85.0,92.0,396.71,1860.0,99.0,4320,4080,44,21,gpu0
2026-07-04 08:47:45,75.0,90.0,98.0,293.65,73.0,85.0,92.0,396.86,1830.0,99.0,4320,4080,44,21,gpu0
2026-07-04 08:47:56,75.0,90.0,98.0,294.15,73.0,85.0,92.0,396.65,1905.0,99.0,4200,4080,44,21,gpu0
2026-07-04 08:48:06,75.0,90.0,98.0,294.03,73.0,85.0,92.0,396.21,1860.0,99.0,4320,4080,44,21,gpu0
2026-07-04 08:48:18,75.0,90.0,98.0,293.74,73.0,85.0,92.0,396.7,1845.0,99.0,4320,4080,44,21,gpu0
2026-07-04 08:48:26,74.0,90.0,98.0,294.9,73.0,85.0,92.0,396.54,1845.0,99.0,4320,4080,44,21,gpu0
