Time (msec),A/F Correction #1 (%),A/F Learning #1 (%),A/F Sensor #1 (AFR),Atmospheric Pressure (psi),Battery Voltage (V),Coolant Temperature (F),Engine Load (Calculated) (g/rev),Engine Speed (rpm),Ignition Total Timing (degrees),Injector Duty Cycle (%),Intake Air Temperature (F),Intake VVT Advance Angle Right (degrees),Knock Correction Advance (degrees),Manifold Absolute Pressure (psi),Manifold Relative Pressure (psi),Mass Airflow (g/s),Throttle Opening Angle (%),Air Conditioning Switch (On/Off),Idle Switch (On/Off),Rear O2 Sensor Rich Signal (On/Off),AEM UEGO Wideband [9600 baud] (AFR Gasoline)
0,-6.25,0.00,14.47,14.36,13.60,199,0.24,1478,25.00,2.50,102,0,0.00,5.08,-9.29,5.88,5.88,0,0,0,14.40
70,-6.25,0.00,14.47,14.36,13.52,199,0.24,1469,25.00,2.53,102,0,0.00,5.08,-9.29,5.88,5.88,0,0,0,14.50
139,-6.25,0.00,14.59,14.36,13.68,199,0.24,1470,25.00,2.51,102,0,0.00,5.08,-9.29,5.88,5.88,0,0,0,14.50
207,-6.25,-0.78,14.47,14.36,13.68,199,0.24,1480,25.00,2.50,102,0,0.00,5.08,-9.29,5.88,5.88,0,0,0,14.40
276,-6.25,-0.78,14.59,14.36,13.52,199,0.24,1464,25.00,2.52,102,0,0.00,5.08,-9.29,5.85,5.88,0,0,0,14.50
345,-6.25,-0.78,14.59,14.36,13.68,199,0.24,1468,25.00,2.52,102,0,0.00,5.08,-9.29,5.88,5.88,0,0,0,14.50
414,-6.25,-0.78,14.59,14.36,13.52,199,0.24,1480,25.00,2.50,102,0,0.00,5.08,-9.29,5.88,5.88,0,0,0,14.50
483,-6.25,-0.78,14.59,14.36,13.60,199,0.24,1476,25.00,2.52,102,0,0.00,5.22,-9.14,5.85,5.88,0,0,0,14.50
553,-7.03,-0.78,14.59,14.36,13.60,199,0.24,1458,25.00,2.51,102,0,0.00,5.22,-9.14,5.82,5.88,0,0,0,14.50
621,-7.03,-0.78,14.59,14.36,13.60,199,0.24,1469,25.00,2.48,102,0,0.00,5.08,-9.29,5.88,5.88,0,0,0,14.50
694,-7.03,-0.78,14.59,14.36,13.68,199,0.24,1464,25.00,2.50,102,0,0.00,5.08,-9.29,5.88,5.88,0,0,0,14.40
760,-6.25,-0.78,14.59,14.36,13.60,199,0.24,1445,25.00,2.49,102,0,0.00,5.22,-9.14,5.88,5.88,0,0,0,14.40
829,-7.03,-0.78,14.59,14.36,13.60,199,0.24,1464,25.00,2.47,102,0,0.00,5.22,-9.14,5.88,5.88,0,0,0,14.40
898,-7.03,-0.78,14.59,14.36,13.60,199,0.24,1456,25.00,2.49,102,0,0.00,5.22,-9.14,5.88,5.88,0,0,0,14.50
967,-7.03,-0.78,14.59,14.36,13.52,199,0.24,1448,25.00,2.50,102,0,0.00,5.22,-9.14,5.85,5.88,0,0,0,14.60
1036,-6.25,-0.78,14.59,14.36,13.36,199,0.24,1462,25.00,2.47,102,0,0.00,5.22,-9.14,5.85,5.88,0,0,0,14.60
1105,-7.03,-0.78,14.59,14.36,13.68,199,0.24,1465,25.00,2.48,102,0,0.00,5.22,-9.14,5.88,5.88,0,0,0,14.50
1174,-6.25,-0.78,14.59,14.36,13.60,199,0.25,1450,25.00,2.49,102,0,0.00,5.22,-9.14,5.88,5.88,0,0,0,14.50
1243,-6.25,-0.78,14.59,14.36,13.60,199,0.24,1465,25.00,2.48,102,0,0.00,5.22,-9.14,5.92,5.88,0,0,0,14.50
1312,-6.25,-0.78,14.59,14.36,13.68,199,0.24,1470,25.00,2.49,102,0,0.00,5.22,-9.14,5.88,5.88,0,0,0,14.60
1381,-7.03,-0.78,14.59,14.36,13.52,199,0.24,1464,25.00,2.52,102,0,0.00,5.22,-9.14,5.92,5.88,0,0,0,14.50
1449,-7.03,-0.78,14.59,14.36,13.60,199,0.24,1459,25.00,2.49,102,0,0.00,5.22,-9.14,5.88,5.88,0,0,0,14.50
1518,-7.03,-0.78,14.59,14.36,13.52,199,0.24,1470,25.00,2.49,102,0,0.00,5.22,-9.14,5.88,5.88,0,0,0,14.50
1588,-7.03,-0.78,14.59,14.36,13.60,199,0.24,1466,25.00,2.52,102,0,0.00,5.08,-9.29,5.88,5.88,0,0,0,14.50
1656,-7.03,-0.78,14.59,14.36,13.60,199,0.24,1464,25.00,2.50,102,0,0.00,5.22,-9.14,5.92,5.88,0,0,0,14.50
1726,-7.03,-0.78,14.59,14.36,13.68,199,0.24,1476,25.00,2.49,102,0,0.00,5.22,-9.14,5.88,5.88,0,0,0,14.50
1795,-7.03,-0.78,14.59,14.36,13.52,199,0.24,1456,25.00,2.51,102,0,0.00,5.22,-9.14,5.92,5.88,0,0,0,14.50
1865,-7.03,-0.78,14.59,14.36,13.68,199,0.24,1453,25.00,2.50,102,0,0.00,5.22,-9.14,5.88,5.88,0,0,0,14.50
1932,-7.03,-0.78,14.59,14.36,13.60,199,0.24,1471,25.00,2.49,102,0,0.00,5.22,-9.14,5.88,5.88,0,0,0,14.50
2002,-7.03,-0.78,14.59,14.36,13.68,199,0.24,1476,25.00,2.52,102,0,0.00,5.22,-9.14,5.92,5.88,0,0,0,14.50
2071,-7.03,-0.78,14.59,14.36,13.68,199,0.24,1468,25.00,2.53,102,0,0.00,5.22,-9.14,5.88,5.88,0,0,0,14.50
2140,-7.03,-0.78,14.59,14.36,13.52,199,0.24,1482,25.00,2.51,102,0,0.00,5.22,-9.14,5.92,5.88,0,0,0,14.50
2208,-7.03,-0.78,14.59,14.36,13.76,199,0.24,1485,25.00,2.50,102,0,0.00,5.22,-9.14,5.95,5.88,0,0,0,14.60
2278,-7.03,-0.78,14.59,14.36,13.52,199,0.24,1461,25.00,2.52,102,0,0.00,5.22,-9.14,5.92,5.88,0,0,0,14.50
2347,-7.03,-0.78,14.59,14.36,13.68,199,0.24,1475,25.00,2.50,102,0,0.00,5.22,-9.14,5.88,5.88,0,0,0,14.50
2416,-7.03,-0.78,14.59,14.36,13.60,199,0.24,1480,25.00,2.51,102,0,0.00,5.22,-9.14,5.95,5.88,0,0,0,14.50
2485,-7.03,-0.78,14.59,14.36,13.60,199,0.24,1467,25.00,2.52,102,0,0.00,5.22,-9.14,5.92,5.88,0,0,0,14.50
2554,-7.03,-0.78,14.59,14.36,13.60,199,0.24,1470,25.00,2.51,102,0,0.00,5.22,-9.14,5.92,5.88,0,0,0,14.50
2623,-7.03,-0.78,14.59,14.36,13.68,199,0.24,1489,25.00,2.51,102,0,0.00,5.22,-9.14,5.92,5.88,0,0,0,14.50
2692,-7.03,-0.78,14.59,14.36,13.60,199,0.24,1472,25.00,2.53,102,0,0.00,5.22,-9.14,5.88,5.88,0,0,0,14.50
2761,-7.03,-0.78,14.59,14.36,13.60,199,0.24,1475,25.00,2.54,102,0,0.00,5.22,-9.14,5.92,5.88,0,0,0,14.50
2830,-7.03,-0.78,14.59,14.36,13.52,199,0.24,1478,25.00,2.50,102,0,0.00,5.22,-9.14,5.92,5.88,0,0,0,14.40
2899,-7.03,-0.78,14.59,14.36,13.52,199,0.24,1468,25.00,2.51,102,0,0.00,5.22,-9.14,5.92,5.88,0,0,0,14.50
2968,-7.03,-0.78,14.59,14.36,13.68,199,0.25,1456,25.00,2.51,102,0,0.00,5.22,-9.14,5.95,5.88,0,0,0,14.50
3036,-7.03,-0.78,14.59,14.36,13.52,199,0.24,1472,25.00,2.49,102,0,0.00,5.22,-9.14,5.95,5.88,0,0,0,14.50
3107,-7.03,-0.78,14.59,14.36,13.68,199,0.24,1475,25.00,2.49,102,0,0.00,5.22,-9.14,5.92,5.88,0,0,0,14.50
3175,-7.03,-0.78,14.59,14.36,13.52,199,0.24,1460,25.00,2.51,102,0,0.00,5.22,-9.14,5.95,5.88,0,0,0,14.50
3244,-7.03,-0.78,14.59,14.36,13.68,199,0.25,1474,25.00,2.49,102,0,0.00,5.22,-9.14,5.95,5.88,0,0,0,14.50
3313,-7.03,-0.78,14.59,14.36,13.60,199,0.24,1475,25.00,2.49,102,0,0.00,5.22,-9.14,5.92,5.88,0,0,0,14.50
3382,-7.03,-0.78,14.59,14.36,13.60,199,0.24,1458,25.00,2.52,102,0,0.00,5.22,-9.14,5.95,5.88,0,0,0,14.50
3451,-7.03,-0.78,14.59,14.36,13.52,199,0.24,1461,25.00,2.49,102,0,0.00,5.22,-9.14,5.92,5.88,0,0,0,14.50
3520,-7.03,-0.78,14.59,14.36,13.68,199,0.24,1464,25.00,2.48,102,0,0.00,5.22,-9.14,5.92,5.88,0,0,0,14.50
3590,-7.03,-0.78,14.59,14.36,13.60,199,0.24,1455,25.00,2.50,102,0,0.00,5.22,-9.14,5.95,5.88,0,0,0,14.50
3658,-7.03,-0.78,14.59,14.36,13.60,199,0.24,1458,25.00,2.49,102,0,0.00,5.22,-9.14,5.95,5.88,0,0,0,14.50
3727,-7.03,-0.78,14.59,14.36,13.60,199,0.24,1471,25.00,2.48,102,0,0.00,5.22,-9.14,5.92,5.88,0,0,0,14.50
3796,-7.03,-0.78,14.59,14.36,13.60,199,0.24,1460,25.00,2.52,102,0,0.00,5.22,-9.14,5.92,5.88,0,0,0,14.60
3866,-7.03,-0.78,14.59,14.36,13.76,199,0.24,1456,25.00,2.50,102,0,0.00,5.22,-9.14,5.88,5.88,0,0,0,14.50
3935,-7.03,-0.78,14.59,14.36,13.52,199,0.25,1464,25.00,2.48,102,0,0.00,5.22,-9.14,5.92,5.88,0,0,0,14.50
4003,-7.03,-0.78,14.59,14.36,13.68,199,0.24,1454,25.00,2.50,102,0,0.00,5.22,-9.14,5.95,5.88,0,0,0,14.50
4072,-7.03,-0.78,14.59,14.36,13.60,199,0.25,1447,25.00,2.48,102,0,0.00,5.22,-9.14,5.88,5.88,0,0,0,14.50
4142,-7.03,-0.78,14.59,14.36,13.68,201,0.24,1459,24.50,2.48,102,0,0.00,5.22,-9.14,5.92,5.88,0,0,0,14.50
4210,-7.03,-0.78,14.59,14.36,13.60,201,0.24,1459,25.00,2.49,102,0,0.00,5.22,-9.14,5.95,5.88,0,0,0,14.50
4279,-7.03,-0.78,14.59,14.36,13.68,201,0.25,1442,25.00,2.49,102,0,0.00,5.22,-9.14,5.95,5.88,0,0,0,14.50
4348,-7.03,-0.78,14.59,14.36,13.68,201,0.25,1458,24.50,2.46,102,1,0.00,5.22,-9.14,5.92,5.88,0,0,0,14.50
4417,-7.03,-0.78,14.59,14.36,13.60,201,0.25,1457,25.00,2.49,102,1,0.00,5.22,-9.14,5.92,5.88,0,0,0,14.60
4486,-7.03,-0.78,14.59,14.36,13.68,201,0.25,1453,25.00,2.50,102,0,0.00,5.22,-9.14,5.95,5.88,0,0,0,14.60
4557,-7.03,-1.56,14.59,14.36,13.44,201,0.25,1457,24.50,2.46,102,0,0.00,5.22,-9.14,5.95,5.88,0,0,0,14.60
4624,-6.25,-1.56,14.59,14.36,13.52,201,0.25,1454,25.00,2.48,102,0,0.00,5.22,-9.14,5.95,5.88,0,0,0,14.60
4693,-7.03,-1.56,14.59,14.36,13.60,201,0.25,1446,25.00,2.49,102,1,0.00,5.22,-9.14,5.95,5.88,0,0,0,14.70
4762,-7.03,-1.56,14.59,14.36,13.60,201,0.25,1460,25.00,2.47,102,1,0.00,5.22,-9.14,5.95,5.88,0,0,0,14.70
4831,-7.03,-1.56,14.59,14.36,13.44,201,0.24,1460,25.00,2.49,102,1,0.00,5.22,-9.14,5.95,5.88,0,0,0,14.50
4900,-7.03,-1.56,14.59,14.36,13.60,201,0.25,1449,25.00,2.49,102,1,0.00,5.22,-9.14,5.95,5.88,0,0,0,14.50
4968,-7.03,-1.56,14.59,14.36,13.60,201,0.25,1450,24.50,2.45,102,1,0.00,5.22,-9.14,5.95,5.88,0,0,0,14.50
5038,-7.03,-1.56,14.59,14.36,13.68,201,0.25,1455,25.00,2.48,102,1,0.00,5.22,-9.14,5.95,5.88,0,0,0,14.50
5107,-7.03,-1.56,14.59,14.36,13.68,201,0.25,1436,25.00,2.48,102,1,0.00,5.22,-9.14,5.95,5.88,0,0,0,14.50
5176,-7.03,-1.56,14.59,14.36,13.60,201,0.24,1458,24.50,2.47,102,1,0.00,5.22,-9.14,5.92,5.88,0,0,0,14.50
5245,-7.03,-1.56,14.59,14.36,13.68,201,0.24,1456,25.00,2.48,102,1,0.00,5.22,-9.14,5.88,5.88,0,0,0,14.50
5314,-7.03,-1.56,14.59,14.36,13.60,201,0.25,1444,25.00,2.50,102,1,0.00,5.22,-9.14,5.95,5.88,0,0,0,14.50
5384,-7.03,-1.56,14.59,14.36,13.68,201,0.24,1461,25.00,2.48,102,1,0.00,5.22,-9.14,5.95,5.88,0,0,0,14.50
5452,-7.03,-1.56,14.59,14.36,13.52,201,0.24,1457,25.00,2.49,102,1,0.00,5.22,-9.14,5.92,5.88,0,0,0,14.50
5521,-7.03,-1.56,14.59,14.36,13.68,201,0.25,1445,25.00,2.49,102,1,0.00,5.22,-9.14,5.92,5.88,0,0,0,14.50
5591,-6.25,-1.56,14.59,14.36,13.44,201,0.25,1461,24.50,2.47,102,2,0.00,5.22,-9.14,5.95,5.88,0,0,0,14.50
5659,-6.25,-1.56,14.59,14.36,13.68,201,0.24,1464,25.00,2.50,102,2,0.00,5.22,-9.14,5.92,5.88,0,0,0,14.50
5728,-6.25,-1.56,14.59,14.36,13.60,201,0.24,1454,25.00,2.50,102,2,0.00,5.22,-9.14,5.92,5.88,0,0,0,14.50
5797,-6.25,-1.56,14.59,14.36,13.60,201,0.25,1462,25.00,2.48,102,1,0.00,5.22,-9.14,5.92,5.88,0,0,0,14.60
5866,-6.25,-1.56,14.59,14.36,13.60,201,0.24,1467,25.00,2.50,102,2,0.00,5.22,-9.14,5.95,5.88,0,0,0,14.70
5936,-6.25,-1.56,14.59,14.36,13.60,201,0.24,1459,25.00,2.51,102,2,0.00,5.22,-9.14,5.95,5.88,0,0,0,14.70
6005,-6.25,-1.56,14.59,14.36,13.68,201,0.24,1474,25.00,2.49,102,2,0.00,5.22,-9.14,5.95,5.88,0,0,0,14.50
6073,-6.25,-1.56,14.59,14.36,13.60,201,0.24,1478,25.00,2.49,102,2,0.00,5.22,-9.14,5.95,5.88,0,0,0,14.50
6143,-6.25,-1.56,14.59,14.36,13.60,201,0.24,1468,25.00,2.53,102,2,0.00,5.22,-9.14,5.95,5.88,0,0,0,14.50
6211,-6.25,-1.56,14.59,14.36,13.60,201,0.24,1468,25.00,2.51,102,2,0.00,5.22,-9.14,5.92,5.88,0,0,0,14.50
6280,-6.25,-1.56,14.59,14.36,13.68,201,0.24,1476,25.00,2.50,102,2,0.00,5.22,-9.14,5.95,5.88,0,0,0,14.50
6350,-6.25,-1.56,14.59,14.36,13.52,201,0.24,1463,25.00,2.52,102,2,0.00,5.22,-9.14,5.95,5.88,0,0,0,14.50
6419,-6.25,-1.56,14.59,14.36,13.68,201,0.24,1466,25.00,2.52,102,3,0.00,5.22,-9.14,5.98,5.88,0,0,0,14.50
6488,-6.25,-1.56,14.59,14.36,13.52,201,0.24,1480,25.00,2.50,102,3,0.00,5.22,-9.14,5.95,5.88,0,0,0,14.50
6558,-6.25,-1.56,14.59,14.36,13.60,201,0.24,1480,25.00,2.53,102,3,0.00,5.22,-9.14,5.95,5.88,0,0,0,14.50
6626,-6.25,-1.56,14.59,14.36,13.68,201,0.24,1468,25.00,2.53,102,3,0.00,5.22,-9.14,5.95,5.88,0,0,0,14.40
6695,-6.25,-1.56,14.59,14.36,13.60,201,0.24,1481,25.00,2.51,102,3,0.00,5.22,-9.14,5.98,5.88,0,0,0,14.60
6763,-6.25,-1.56,14.59,14.36,13.52,201,0.24,1483,25.00,2.51,102,3,0.00,5.22,-9.14,5.98,5.88,0,0,0,14.60
6833,-6.25,-1.56,14.59,14.36,13.60,201,0.24,1470,25.00,2.53,102,3,0.00,5.22,-9.14,5.98,5.88,0,0,0,14.60
6902,-7.03,-1.56,14.59,14.36,13.60,201,0.24,1478,25.00,2.52,102,4,0.00,5.22,-9.14,5.98,5.88,0,0,0,14.50
6971,-7.03,-1.56,14.47,14.36,13.60,201,0.24,1490,25.00,2.52,102,4,0.00,5.22,-9.14,5.95,5.88,0,0,0,14.50
7040,-7.03,-1.56,14.47,14.36,13.68,201,0.24,1480,25.50,2.55,102,4,0.00,5.22,-9.14,5.95,5.88,0,0,0,14.50
7109,-7.03,-1.56,14.47,14.36,13.60,201,0.24,1476,25.50,2.54,102,4,0.00,5.22,-9.14,5.95,5.88,0,0,0,14.50
7178,-7.03,-1.56,14.59,14.36,13.68,201,0.24,1482,25.00,2.51,102,4,0.00,5.22,-9.14,5.98,5.88,0,0,0,14.50
7246,-7.03,-1.56,14.59,14.36,13.52,201,0.24,1488,25.00,2.54,102,4,0.00,5.22,-9.14,5.98,5.88,0,0,0,14.50
7316,-7.03,-1.56,14.59,14.36,13.52,201,0.24,1481,25.50,2.54,102,4,0.00,5.22,-9.14,5.98,5.88,0,0,0,14.40
7385,-7.03,-1.56,14.59,14.36,13.68,201,0.24,1485,25.00,2.51,102,4,0.00,5.22,-9.14,5.98,5.88,0,0,0,14.50
7454,-7.03,-1.56,14.59,14.36,13.60,201,0.24,1491,25.00,2.52,102,5,0.00,5.22,-9.14,5.98,5.88,0,0,0,14.50
7522,-6.25,-1.56,14.59,14.36,13.60,201,0.24,1471,25.00,2.53,102,5,0.00,5.22,-9.14,5.95,5.88,0,0,0,14.50
7592,-6.25,-1.56,14.59,14.36,13.68,201,0.24,1470,25.00,2.51,102,4,0.00,5.22,-9.14,5.95,5.88,0,0,0,14.60
7661,-6.25,-1.56,14.59,14.36,13.68,201,0.24,1481,25.00,2.50,102,4,0.00,5.22,-9.14,5.95,5.88,0,0,0,14.60
7730,-6.25,-1.56,14.59,14.36,13.60,201,0.24,1468,25.00,2.52,102,5,0.00,5.22,-9.14,5.98,5.88,0,0,0,14.60
7799,-6.25,-1.56,14.59,14.36,13.68,201,0.24,1470,25.00,2.53,102,5,0.00,5.22,-9.14,5.98,5.88,0,0,0,14.60
7868,-6.25,-1.56,14.59,14.36,13.60,201,0.24,1484,25.00,2.50,102,5,0.00,5.22,-9.14,5.95,5.88,0,0,0,14.50
7936,-6.25,-1.56,14.59,14.36,13.68,201,0.24,1476,25.00,2.52,102,5,0.00,5.22,-9.14,5.95,5.88,0,0,0,14.50
8006,-6.25,-1.56,14.59,14.36,13.68,201,0.24,1466,25.00,2.53,102,5,0.00,5.22,-9.14,5.98,5.88,0,0,0,14.50
8075,-6.25,-1.56,14.59,14.36,13.60,201,0.25,1476,25.00,2.50,102,5,0.00,5.22,-9.14,5.98,5.88,0,0,0,14.70
8144,-6.25,-1.56,14.59,14.36,13.68,201,0.24,1476,25.00,2.52,102,5,0.00,5.22,-9.14,5.98,5.88,0,0,0,14.70
8213,-6.25,-1.56,14.59,14.36,13.60,201,0.24,1468,25.00,2.53,102,5,0.00,5.22,-9.14,5.95,5.88,0,0,0,14.50
8281,-6.25,-1.56,14.59,14.36,13.68,201,0.25,1478,25.00,2.49,102,6,0.00,5.22,-9.14,5.95,5.88,0,0,0,14.50
8351,-6.25,-1.56,14.59,14.36,13.60,201,0.24,1477,25.00,2.50,102,6,0.00,5.22,-9.14,5.95,5.88,0,0,0,14.50
8420,-6.25,-1.56,14.59,14.36,13.60,201,0.24,1467,25.00,2.52,102,6,0.00,5.22,-9.14,5.98,5.88,0,0,0,14.50
8489,-6.25,-1.56,14.59,14.36,13.60,201,0.25,1462,25.00,2.50,102,6,0.00,5.22,-9.14,5.98,5.88,0,0,0,14.50
8558,-6.25,-1.56,14.59,14.36,13.60,201,0.24,1474,25.00,2.49,102,6,0.00,5.22,-9.14,5.98,5.88,0,0,0,14.40
8627,-6.25,-1.56,14.59,14.36,13.60,201,0.25,1454,25.00,2.50,102,6,0.00,5.22,-9.14,5.95,5.88,0,0,0,14.40
8696,-6.25,-1.56,14.59,14.36,13.60,201,0.25,1456,25.00,2.51,102,7,0.00,5.22,-9.14,5.98,5.88,0,0,0,14.50
8765,-6.25,-1.56,14.59,14.36,13.60,201,0.24,1472,25.00,2.49,102,7,0.00,5.22,-9.14,5.98,5.88,0,0,0,14.50
8834,-6.25,-1.56,14.59,14.36,13.52,201,0.24,1460,25.00,2.51,102,7,0.00,5.22,-9.14,5.98,5.88,0,0,0,14.50
8903,-6.25,-2.34,14.59,14.36,13.68,201,0.25,1454,25.00,2.50,102,6,0.00,5.22,-9.14,5.98,5.88,0,0,0,14.60
8971,-6.25,-2.34,14.59,14.36,13.60,201,0.25,1462,25.00,2.47,100,7,0.00,5.22,-9.14,5.98,5.88,0,0,0,14.60
9041,-6.25,-2.34,14.59,14.36,13.60,201,0.25,1457,25.00,2.49,100,7,0.00,5.22,-9.14,5.95,5.88,0,0,0,14.60
9110,-6.25,-2.34,14.59,14.36,13.52,201,0.25,1438,25.00,2.47,100,7,0.00,5.22,-9.14,5.98,5.88,0,0,0,14.60
9179,-6.25,-2.34,14.59,14.36,13.68,201,0.25,1448,24.50,2.45,100,7,0.00,5.22,-9.14,5.95,5.88,0,0,0,14.50
9248,-6.25,-2.34,14.59,14.36,13.60,201,0.25,1430,24.50,2.46,100,7,0.00,5.22,-9.14,5.95,5.88,0,0,0,14.50
9317,-6.25,-2.34,14.59,14.36,13.68,201,0.25,1426,24.50,2.46,100,7,0.00,5.22,-9.14,5.98,5.88,0,0,0,14.50
9385,-6.25,-2.34,14.59,14.36,13.68,201,0.25,1443,24.50,2.44,100,7,0.00,5.22,-9.14,5.98,5.88,0,0,0,14.60
9454,-6.25,-2.34,14.59,14.36,13.60,201,0.25,1430,24.50,2.46,100,7,0.00,5.37,-9.00,5.95,5.88,0,0,0,14.60
9524,-6.25,-2.34,14.59,14.36,13.68,201,0.25,1434,24.50,2.45,100,8,0.00,5.37,-9.00,5.95,5.88,0,0,0,14.60
9593,-6.25,-2.34,14.59,14.36,13.60,201,0.25,1444,24.50,2.44,100,8,0.00,5.37,-9.00,5.95,5.88,0,0,0,14.50
9662,-6.25,-2.34,14.59,14.36,13.68,201,0.25,1431,24.50,2.46,100,8,0.00,5.37,-9.00,5.95,5.88,0,0,0,14.50
9731,-6.25,-2.34,14.59,14.36,13.60,201,0.25,1434,24.50,2.45,100,8,0.00,5.22,-9.14,5.95,5.88,0,0,0,14.50
9801,-6.25,-2.34,14.59,14.36,13.68,201,0.25,1446,24.50,2.45,100,8,0.00,5.37,-9.00,5.98,5.88,0,0,0,14.50
9869,-6.25,-2.34,14.59,14.36,13.60,201,0.25,1445,25.00,2.48,100,8,0.00,5.37,-9.00,5.95,5.88,0,0,0,14.50
9938,-6.25,-2.34,14.59,14.36,13.68,201,0.25,1443,24.50,2.46,100,8,0.00,5.22,-9.14,5.95,5.88,0,0,0,14.50
10007,-6.25,-2.34,14.59,14.36,13.60,201,0.25,1462,24.50,2.47,100,9,0.00,5.22,-9.14,5.95,5.88,0,0,0,14.50
10076,-6.25,-2.34,14.59,14.36,13.60,201,0.24,1452,25.00,2.51,100,9,0.00,5.22,-9.14,5.98,5.88,0,0,0,14.50
10145,-6.25,-2.34,14.59,14.36,13.68,201,0.25,1441,25.00,2.46,100,8,0.00,5.22,-9.14,5.95,5.88,0,0,0,14.50
10214,-6.25,-2.34,14.59,14.36,13.52,201,0.24,1459,24.50,2.47,100,8,0.00,5.22,-9.14,5.95,5.88,0,0,0,14.50
10283,-6.25,-2.34,14.59,14.36,13.52,201,0.25,1445,25.00,2.48,100,9,0.00,5.22,-9.14,5.95,5.88,0,0,0,14.50
10352,-6.25,-2.34,14.59,14.36,13.60,201,0.25,1440,24.50,2.46,100,9,0.00,5.22,-9.14,5.95,5.88,0,0,0,14.50
10421,-6.25,-2.34,14.59,14.36,13.68,201,0.24,1457,24.50,2.47,100,9,0.00,5.37,-9.00,5.95,5.88,0,0,0,14.50
10490,-6.25,-2.34,14.59,14.36,13.44,201,0.25,1446,25.00,2.48,100,9,0.00,5.37,-9.00,5.98,5.88,0,0,0,14.50
10559,-6.25,-2.34,14.59,14.36,13.68,201,0.25,1436,24.50,2.45,100,9,0.00,5.37,-9.00,5.98,5.88,0,0,0,14.60
10628,-6.25,-2.34,14.59,14.36,13.60,201,0.25,1454,24.50,2.47,100,9,0.00,5.37,-9.00,5.98,5.88,0,0,0,14.60
10697,-6.25,-2.34,14.59,14.36,13.60,201,0.25,1445,25.00,2.48,100,9,0.00,5.37,-9.00,5.98,5.88,0,0,0,14.50
10766,-6.25,-2.34,14.59,14.36,13.68,201,0.25,1436,24.50,2.45,100,10,0.00,5.37,-9.00,5.98,5.88,0,0,0,14.60
10835,-6.25,-2.34,14.59,14.36,13.68,201,0.25,1449,24.50,2.45,100,10,0.00,5.37,-9.00,5.98,5.88,0,0,0,14.60
10904,-6.25,-2.34,14.59,14.36,13.68,201,0.25,1434,24.50,2.47,100,10,0.00,5.37,-9.00,5.98,5.88,0,0,0,14.50
10973,-6.25,-2.34,14.59,14.36,13.60,201,0.25,1428,24.50,2.44,100,10,0.00,5.37,-9.00,5.98,5.88,0,0,0,14.50
11042,-6.25,-2.34,14.59,14.36,13.68,201,0.25,1443,24.50,2.43,100,10,0.00,5.37,-9.00,5.98,5.88,0,0,0,14.50
11111,-6.25,-2.34,14.59,14.36,13.60,201,0.25,1420,24.50,2.43,100,10,0.00,5.37,-9.00,5.98,5.88,0,0,0,14.50
11180,-6.25,-2.34,14.59,14.36,13.68,201,0.25,1426,24.00,2.42,100,10,0.00,5.37,-9.00,5.98,5.88,0,0,0,14.50
11249,-6.25,-2.34,14.59,14.36,13.60,201,0.25,1428,24.50,2.44,100,10,0.00,5.37,-9.00,5.98,5.88,0,0,0,14.50
11318,-6.25,-2.34,14.59,14.36,13.76,201,0.25,1410,24.50,2.43,100,10,0.00,5.37,-9.00,5.98,5.88,0,0,0,14.60
11387,-6.25,-2.34,14.59,14.36,13.60,201,0.25,1421,24.00,2.40,100,10,0.00,5.37,-9.00,5.98,5.88,0,0,0,14.50
11456,-6.25,-2.34,14.59,14.36,13.68,201,0.25,1410,24.50,2.42,100,10,0.00,5.37,-9.00,5.98,5.88,0,0,0,14.50
11525,-6.25,-2.34,14.59,14.36,13.60,201,0.25,1408,24.00,2.40,100,10,0.00,5.37,-9.00,5.98,5.88,0,0,0,14.50
11594,-6.25,-2.34,14.59,14.36,13.60,201,0.25,1426,24.00,2.42,100,11,0.00,5.37,-9.00,5.95,5.88,0,0,0,14.60
11663,-6.25,-2.34,14.59,14.36,13.60,201,0.25,1407,24.50,2.42,100,11,0.00,5.37,-9.00,5.92,5.88,0,0,0,14.60
11732,-6.25,-2.34,14.59,14.36,13.60,201,0.26,1409,24.00,2.38,100,10,0.00,5.37,-9.00,5.95,5.88,0,0,0,14.60
11801,-6.25,-2.34,14.59,14.36,13.76,201,0.25,1408,24.00,2.40,100,10,0.00,5.37,-9.00,5.95,5.88,0,0,0,14.40
11870,-6.25,-2.34,14.59,14.36,13.60,201,0.25,1397,24.00,2.40,100,11,0.00,5.37,-9.00,5.95,5.88,0,0,0,14.50
11939,-6.25,-2.34,14.59,14.36,13.68,201,0.25,1400,24.00,2.37,100,11,0.00,5.37,-9.00,5.95,5.88,0,0,0,14.50
12008,-6.25,-2.34,14.59,14.36,13.52,201,0.25,1391,24.00,2.40,100,11,0.00,5.37,-9.00,5.95,5.88,0,0,0,14.40
12077,-6.25,-2.34,14.59,14.36,13.68,201,0.26,1403,24.00,2.36,100,11,0.00,5.37,-9.00,5.95,5.88,0,0,0,14.50
12146,-6.25,-2.34,14.59,14.36,13.52,201,0.25,1408,24.00,2.40,100,11,0.00,5.37,-9.00,5.95,5.88,0,0,0,14.50
12215,-6.25,-2.34,14.59,14.36,13.68,201,0.26,1391,24.00,2.38,100,11,0.00,5.37,-9.00,5.95,5.88,0,0,0,14.50
12284,-6.25,-2.34,14.59,14.36,13.60,201,0.26,1402,24.00,2.37,100,11,0.00,5.37,-9.00,5.95,5.88,0,0,0,14.50
12353,-6.25,-2.34,14.70,14.36,13.52,201,0.25,1393,24.00,2.40,100,11,0.00,5.37,-9.00,5.92,5.88,0,0,0,14.50
12422,-5.47,-2.34,14.70,14.36,13.60,201,0.26,1388,24.00,2.37,100,11,0.00,5.37,-9.00,5.92,5.88,0,0,0,14.50
12491,-6.25,-2.34,14.59,14.36,13.60,201,0.26,1389,24.00,2.34,100,11,0.00,5.37,-9.00,5.92,5.88,0,0,0,14.60
12560,-5.47,-2.34,14.59,14.36,13.76,201,0.26,1380,24.00,2.38,100,11,0.00,5.37,-9.00,5.92,5.88,0,0,0,14.50
12629,-6.25,-2.34,14.59,14.36,13.52,201,0.26,1393,24.00,2.36,100,11,0.00,5.37,-9.00,5.92,5.88,0,0,0,14.50
12699,-6.25,-2.34,14.59,14.36,13.68,201,0.25,1378,24.00,2.38,100,12,0.00,5.37,-9.00,5.92,5.88,0,0,0,14.50
12767,-6.25,-2.34,14.59,14.36,13.60,201,0.26,1395,24.00,2.36,100,11,0.00,5.37,-9.00,5.95,5.88,0,0,0,14.50
12836,-5.47,-2.34,14.59,14.36,13.68,201,0.25,1395,24.00,2.38,100,11,0.00,5.37,-9.00,5.95,5.88,0,0,0,14.50
12905,-5.47,-2.34,14.59,14.36,13.60,201,0.25,1386,24.00,2.39,100,12,0.00,5.37,-9.00,5.92,5.88,0,0,0,14.50
12974,-6.25,-2.34,14.59,14.36,13.68,201,0.25,1401,24.00,2.37,100,12,0.00,5.37,-9.00,5.88,5.88,0,0,0,14.50
13043,-6.25,-2.34,14.59,14.36,13.60,201,0.26,1378,24.00,2.38,100,12,0.00,5.37,-9.00,5.88,5.88,0,0,0,14.50
13112,-6.25,-2.34,14.59,14.36,13.68,201,0.26,1390,24.00,2.34,100,12,0.00,5.37,-9.00,5.95,5.88,0,0,0,14.50
13181,-6.25,-2.34,14.59,14.36,13.60,201,0.26,1380,24.00,2.36,100,12,0.00,5.37,-9.00,5.92,5.88,0,0,0,14.50
13250,-6.25,-3.12,14.59,14.36,13.68,201,0.26,1361,24.00,2.34,100,12,0.00,5.37,-9.00,5.92,5.88,0,0,0,14.50
13319,-6.25,-3.12,14.59,14.36,13.76,201,0.26,1372,23.50,2.32,100,12,0.00,5.51,-8.85,5.92,5.88,0,0,0,14.50
13388,-5.47,-3.12,14.59,14.36,13.52,201,0.26,1352,24.00,2.33,100,12,0.00,5.51,-8.85,5.92,5.88,0,0,0,14.60
13457,-5.47,-3.12,14.59,14.36,13.52,201,0.26,1363,23.50,2.30,100,12,0.00,5.51,-8.85,5.88,5.88,0,0,0,14.50
13526,-5.47,-3.12,14.70,14.36,13.60,201,0.26,1358,24.00,2.34,100,12,0.00,5.51,-8.85,5.88,5.88,0,0,0,14.50
13595,-5.47,-3.12,14.70,14.36,13.68,201,0.26,1372,23.50,2.32,100,12,0.00,5.51,-8.85,5.88,5.88,0,0,0,14.60
13663,-5.47,-3.12,14.70,14.36,13.68,201,0.26,1362,24.00,2.33,100,12,0.00,5.51,-8.85,5.88,5.88,0,0,0,14.60
13733,-5.47,-3.12,14.70,14.36,13.68,201,0.26,1349,24.00,2.30,100,12,0.00,5.51,-8.85,5.92,5.88,0,0,0,14.60
13802,-4.69,-3.12,14.70,14.36,13.68,201,0.26,1371,24.00,2.31,100,12,0.00,5.51,-8.85,5.92,5.88,0,0,0,14.50
13871,-4.69,-3.12,14.70,14.36,13.60,201,0.26,1365,24.00,2.35,100,12,0.00,5.51,-8.85,5.88,5.88,0,0,0,14.60
13940,-4.69,-3.12,14.70,14.36,13.68,201,0.26,1372,23.50,2.33,100,12,0.00,5.51,-8.85,5.88,5.88,0,0,0,14.60
14009,-4.69,-3.12,14.70,14.36,13.60,201,0.26,1358,24.00,2.35,100,12,0.00,5.51,-8.85,5.88,5.88,0,0,0,14.60
14078,-4.69,-3.12,14.70,14.36,13.60,201,0.26,1376,24.00,2.32,100,12,0.00,5.51,-8.85,5.88,5.88,0,0,0,14.70
14148,-4.69,-3.12,14.59,14.36,13.60,201,0.25,1384,24.00,2.36,100,12,0.00,5.51,-8.85,5.88,5.88,0,0,0,14.70
14216,-4.69,-3.12,14.59,14.36,13.68,201,0.26,1380,24.00,2.36,100,13,0.00,5.51,-8.85,5.88,5.88,0,0,0,14.70
14285,-4.69,-3.12,14.59,14.36,13.60,201,0.26,1382,23.50,2.34,100,13,0.00,5.51,-8.85,5.88,5.88,0,0,0,14.50
14354,-4.69,-3.12,14.59,14.36,13.68,201,0.26,1377,24.00,2.36,100,13,0.00,5.51,-8.85,5.88,5.88,0,0,0,14.50
14423,-5.47,-3.12,14.59,14.36,13.52,201,0.26,1385,24.00,2.33,100,12,0.00,5.51,-8.85,5.88,5.88,0,0,0,14.60
14492,-5.47,-3.12,14.59,14.36,13.52,201,0.25,1375,24.00,2.36,100,12,0.00,5.51,-8.85,5.88,5.88,0,0,0,14.50
14561,-5.47,-3.12,14.59,14.36,13.68,201,0.26,1373,24.00,2.34,100,13,0.00,5.51,-8.85,5.88,5.88,0,0,0,14.50
14630,-5.47,-3.12,14.59,14.36,13.60,201,0.26,1379,23.50,2.34,100,13,0.00,5.51,-8.85,5.88,5.88,0,0,0,14.50
14700,-5.47,-3.12,14.59,14.36,13.68,201,0.26,1366,24.00,2.36,100,12,0.00,5.51,-8.85,5.88,5.88,0,0,0,14.50
14768,-5.47,-3.12,14.59,14.36,13.60,201,0.26,1376,24.00,2.32,100,13,0.00,5.51,-8.85,5.88,5.88,0,0,0,14.60
14837,-5.47,-3.12,14.59,14.36,13.60,201,0.26,1364,24.00,2.34,100,12,0.00,5.51,-8.85,5.88,5.88,0,0,0,14.60
14906,-5.47,-3.12,14.59,14.36,13.68,201,0.26,1372,23.50,2.32,100,13,0.00,5.51,-8.85,5.88,5.88,0,0,0,14.50
14975,-5.47,-3.12,14.59,14.36,13.76,201,0.26,1348,24.00,2.33,100,13,0.00,5.51,-8.85,5.88,5.88,0,0,0,14.50
15044,-4.69,-3.12,14.59,14.36,13.60,201,0.26,1339,23.50,2.28,100,12,0.00,5.51,-8.85,5.88,5.88,0,0,0,14.50
15113,-4.69,-3.12,14.70,14.36,13.60,201,0.26,1368,23.50,2.33,100,11,0.00,5.51,-8.85,5.88,5.88,0,0,0,14.50
15182,-4.69,-3.12,14.59,14.36,13.68,201,0.26,1359,24.00,2.33,100,11,0.00,5.51,-8.85,5.88,5.88,0,0,0,14.50
15251,-4.69,-3.12,14.59,14.36,13.68,201,0.26,1377,23.50,2.33,100,8,0.00,5.51,-8.85,5.88,5.88,0,0,0,14.50
15320,-4.69,-3.12,14.70,14.36,13.68,201,0.25,1369,24.00,2.37,100,6,0.00,5.51,-8.85,5.88,5.88,0,0,0,14.50
15389,-3.91,-3.12,14.70,14.36,13.52,201,0.26,1394,24.00,2.36,100,4,0.00,5.51,-8.85,5.88,6.27,0,0,0,14.60
15458,-3.91,-3.12,14.70,14.36,13.68,201,0.26,1410,24.00,2.41,100,2,0.00,5.51,-8.85,6.05,6.27,0,0,0,14.60
15527,-3.12,-3.12,14.81,14.36,13.60,201,0.27,1401,24.50,2.42,100,2,0.00,5.51,-8.85,6.17,6.27,0,0,0,14.60
15596,-3.12,-3.12,14.81,14.36,13.68,201,0.26,1429,24.50,2.42,100,0,0.00,5.66,-8.71,6.24,6.27,0,0,0,14.80
15666,-2.34,-3.12,14.81,14.36,13.60,201,0.26,1430,25.00,2.48,100,0,0.00,5.66,-8.71,6.24,6.27,0,0,0,14.70
15735,-2.34,-3.12,14.93,14.36,13.68,201,0.26,1454,25.00,2.51,100,0,0.00,5.66,-8.71,6.27,6.27,0,0,0,14.70
15803,-1.56,-3.12,14.93,14.36,13.60,201,0.26,1480,25.00,2.51,100,0,0.00,5.66,-8.71,6.27,6.27,0,0,0,14.80
15872,-0.78,-3.12,14.93,14.36,13.60,201,0.25,1500,25.50,2.56,100,0,0.00,5.66,-8.71,6.31,6.27,0,0,0,14.80
15941,-0.78,-3.12,14.93,14.36,13.60,201,0.25,1496,25.50,2.58,100,0,0.00,5.66,-8.71,6.35,6.67,0,0,0,14.80
16010,-0.78,-3.12,14.81,14.36,13.52,201,0.25,1531,25.50,2.60,100,0,0.00,5.66,-8.71,6.35,6.67,0,0,0,14.90
16079,-0.78,-3.12,14.81,14.36,13.60,201,0.25,1542,26.00,2.61,100,0,0.00,5.66,-8.71,6.42,6.67,0,0,0,14.90
16148,-0.78,-3.12,14.70,14.36,13.60,201,0.25,1554,26.00,2.65,100,0,0.00,5.66,-8.71,6.42,6.67,0,0,0,14.90
16217,-0.78,-3.12,14.70,14.36,13.60,201,0.25,1555,26.00,2.68,100,0,0.00,5.51,-8.85,6.46,6.67,0,0,0,14.70
16287,-0.78,-3.12,14.70,14.36,13.68,201,0.25,1556,26.00,2.67,100,0,0.00,5.51,-8.85,6.46,6.67,0,0,0,14.90
16356,-0.78,-3.12,14.59,14.36,13.68,201,0.25,1574,26.00,2.67,100,0,0.00,5.51,-8.85,6.46,6.67,0,0,0,14.90
16424,-0.78,-3.12,14.59,14.36,13.68,201,0.25,1582,26.00,2.69,100,0,0.00,5.51,-8.85,6.46,6.67,0,0,0,14.50
16493,-0.78,-3.12,14.59,14.36,13.60,201,0.24,1590,26.50,2.71,100,0,0.00,5.51,-8.85,6.49,6.67,0,0,0,14.50
16563,-1.56,-3.12,14.59,14.36,13.60,201,0.25,1584,26.50,2.73,100,0,0.00,5.51,-8.85,6.53,6.67,0,0,0,14.50
16632,-1.56,-3.12,14.59,14.36,13.68,201,0.25,1590,26.50,2.74,100,0,0.00,5.51,-8.85,6.53,6.67,0,0,0,14.50
16701,-1.56,-3.12,14.59,14.36,13.68,201,0.25,1592,26.50,2.72,100,0,0.00,5.51,-8.85,6.57,6.67,0,0,0,14.50
16769,-1.56,-3.12,14.59,14.36,13.52,201,0.25,1614,26.50,2.74,100,0,0.00,5.51,-8.85,6.57,6.67,0,0,0,14.40
16838,-1.56,-3.12,14.59,14.36,13.68,201,0.24,1613,26.50,2.73,100,0,0.00,5.51,-8.85,6.57,6.67,0,0,0,14.40
16907,-1.56,-3.12,14.59,14.36,13.68,201,0.24,1623,27.00,2.74,100,0,0.00,5.51,-8.85,6.60,6.67,0,0,0,14.50
16976,-1.56,-3.12,14.59,14.36,13.52,201,0.24,1614,27.00,2.78,100,0,0.00,5.37,-9.00,6.57,6.67,0,0,0,14.50
17046,-1.56,-3.12,14.59,14.36,13.52,201,0.24,1622,27.00,2.79,100,0,0.00,5.37,-9.00,6.60,6.67,0,0,0,14.50
17115,-1.56,-3.12,14.59,14.36,13.68,201,0.24,1623,27.00,2.80,100,0,0.00,5.37,-9.00,6.60,6.67,0,0,0,14.40
17183,-1.56,-3.12,14.59,14.36,13.68,201,0.24,1637,27.00,2.82,100,0,0.00,5.37,-9.00,6.60,6.67,0,0,0,14.60
17252,-1.56,-3.12,14.59,14.36,13.60,201,0.24,1655,27.50,2.80,100,0,0.00,5.37,-9.00,6.60,6.67,0,0,0,14.60
17321,-1.56,-3.12,14.59,14.36,13.68,201,0.24,1654,27.50,2.80,100,0,0.00,5.22,-9.14,6.57,6.67,0,0,0,14.50
17390,-1.56,-3.12,14.59,14.36,13.60,201,0.24,1662,27.50,2.82,100,0,0.00,5.22,-9.14,6.64,6.67,0,0,0,14.40
17460,-1.56,-3.12,14.59,14.36,13.68,201,0.24,1658,27.50,2.80,100,0,0.00,5.22,-9.14,6.64,6.67,0,0,0,14.60
17529,-1.56,-3.12,14.59,14.36,13.52,201,0.24,1659,27.50,2.81,100,0,0.00,5.22,-9.14,6.60,6.67,0,0,0,14.60
17598,-1.56,-3.91,14.59,14.36,13.76,201,0.24,1646,27.50,2.83,100,0,0.00,5.22,-9.14,6.64,6.67,0,0,0,14.50
17667,-1.56,-3.91,14.59,14.36,13.52,201,0.24,1656,27.50,2.84,100,0,0.00,5.22,-9.14,6.64,6.67,0,0,0,14.50
17736,-1.56,-3.91,14.59,14.36,13.52,201,0.24,1654,27.50,2.84,100,0,0.00,5.22,-9.14,6.60,6.67,0,0,0,14.50
17804,-1.56,-3.91,14.59,14.36,13.60,201,0.24,1654,27.50,2.85,100,0,0.00,5.22,-9.14,6.57,6.67,0,0,0,14.60
17874,-1.56,-3.91,14.59,14.36,13.60,201,0.24,1666,27.50,2.86,100,0,0.00,5.22,-9.14,6.57,6.67,0,0,0,14.60
17943,-1.56,-3.91,14.59,14.36,13.68,201,0.24,1666,27.50,2.87,100,0,0.00,5.22,-9.14,6.57,6.67,0,0,0,14.60
18011,-1.56,-3.91,14.59,14.36,13.60,201,0.24,1686,27.50,2.86,100,0,0.00,5.22,-9.14,6.57,6.67,0,0,0,14.50
18080,-1.56,-3.91,14.59,14.36,13.68,201,0.23,1697,28.00,2.87,100,0,0.00,5.22,-9.14,6.60,6.67,0,0,0,14.60
18150,-1.56,-3.91,14.59,14.36,13.52,203,0.24,1695,28.00,2.87,100,0,0.00,5.08,-9.29,6.60,6.67,0,0,0,14.60
18219,-1.56,-3.91,14.59,14.36,13.68,201,0.23,1698,28.00,2.87,100,0,0.00,5.08,-9.29,6.57,6.67,0,0,0,14.50
18288,-1.56,-3.91,14.59,14.36,13.60,201,0.23,1693,28.00,2.87,100,0,0.00,5.08,-9.29,6.57,6.67,0,0,0,14.40
18357,-1.56,-3.91,14.59,14.36,13.68,201,0.23,1693,28.00,2.86,100,0,0.00,5.08,-9.29,6.57,6.67,0,0,0,14.40
18429,-1.56,-3.91,14.59,14.36,13.60,201,0.23,1687,28.00,2.85,100,0,0.00,5.08,-9.29,6.57,6.67,0,0,0,14.50
18494,-1.56,-3.91,14.59,14.36,13.68,203,0.23,1680,28.00,2.87,100,0,0.00,5.08,-9.29,6.57,6.67,0,0,0,14.50
18564,-0.78,-3.91,14.70,14.36,13.60,203,0.23,1663,28.00,2.86,100,1,0.00,5.08,-9.29,6.57,6.67,0,0,0,14.50
18633,-0.78,-3.91,14.59,14.36,13.68,203,0.23,1661,27.50,2.86,100,1,0.00,5.08,-9.29,6.57,6.67,0,0,0,14.50
18702,-0.78,-3.91,14.70,14.36,13.68,203,0.24,1657,27.50,2.86,100,1,0.00,5.22,-9.14,6.57,6.67,0,0,0,14.90
18771,-0.78,-3.91,14.59,14.36,13.52,203,0.24,1662,27.50,2.87,100,1,0.00,5.08,-9.29,6.57,6.67,0,0,0,14.70
18840,-0.78,-3.91,14.59,14.36,13.52,203,0.24,1666,27.50,2.87,100,1,0.00,5.08,-9.29,6.57,6.67,0,0,0,14.70
18909,-1.56,-3.91,14.59,14.36,13.60,203,0.24,1673,27.50,2.88,100,1,0.00,5.08,-9.29,6.57,6.67,0,0,0,14.60
18977,-1.56,-3.91,14.59,14.36,13.76,203,0.23,1681,27.50,2.85,100,1,0.00,5.08,-9.29,6.53,6.67,0,0,0,14.50
19047,-1.56,-3.91,14.59,14.36,13.60,203,0.23,1693,28.00,2.87,100,1,0.00,5.08,-9.29,6.53,6.67,0,0,0,14.50
19116,-1.56,-3.91,14.59,14.36,13.68,203,0.23,1698,28.00,2.87,100,2,0.00,5.08,-9.29,6.57,6.67,0,0,0,14.50
19185,-1.56,-3.91,14.59,14.36,13.52,203,0.23,1704,28.00,2.89,100,2,0.00,5.08,-9.29,6.57,6.67,0,0,0,14.50
19254,-1.56,-3.91,14.59,14.36,13.68,203,0.23,1696,28.00,2.87,100,2,0.00,5.08,-9.29,6.57,6.67,0,0,0,14.50
19323,-1.56,-3.91,14.59,14.36,13.60,203,0.23,1698,28.00,2.87,100,2,0.00,5.08,-9.29,6.53,6.67,0,0,0,14.50
19392,-1.56,-3.91,14.59,14.36,13.68,203,0.23,1693,28.00,2.86,100,2,0.00,5.08,-9.29,6.57,6.67,0,0,0,14.50
19461,-0.78,-3.91,14.59,14.36,13.68,203,0.23,1692,28.00,2.87,100,3,0.00,5.08,-9.29,6.53,6.67,0,0,0,14.60
19530,-0.78,-3.91,14.59,14.36,13.60,203,0.23,1688,28.00,2.88,100,3,0.00,5.08,-9.29,6.53,6.67,0,0,0,14.60
19599,-0.78,-3.91,14.70,14.36,13.76,203,0.23,1675,28.00,2.89,100,3,0.00,5.08,-9.29,6.53,6.67,0,0,0,14.70
19668,-0.78,-3.91,14.70,14.36,13.52,203,0.23,1678,28.00,2.88,100,3,0.00,5.08,-9.29,6.57,6.67,0,0,0,14.70
19737,-0.78,-3.91,14.70,14.36,13.68,203,0.23,1674,28.00,2.88,100,4,0.00,5.08,-9.29,6.53,6.67,0,0,0,14.70
19806,-0.78,-3.91,14.59,14.36,13.52,203,0.23,1676,28.00,2.88,100,4,0.00,5.08,-9.29,6.53,6.67,0,0,0,14.70
19875,-0.78,-3.91,14.59,14.36,13.68,203,0.23,1680,28.00,2.89,100,4,0.00,5.08,-9.29,6.57,6.67,0,0,0,14.60
19944,-0.78,-3.91,14.59,14.36,13.52,203,0.23,1678,28.00,2.88,100,5,0.00,5.08,-9.29,6.57,6.67,0,0,0,14.60
20013,-0.78,-3.91,14.59,14.36,13.68,203,0.23,1676,27.50,2.88,100,5,0.00,5.08,-9.29,6.53,6.67,0,0,0,14.60
20081,-0.78,-3.91,14.59,14.36,13.68,203,0.23,1682,28.00,2.87,100,5,0.00,5.08,-9.29,6.53,6.67,0,0,0,14.60
20151,-0.78,-3.91,14.59,14.36,13.60,203,0.23,1694,28.00,2.86,100,5,0.00,5.08,-9.29,6.53,6.67,0,0,0,14.60
20220,-0.78,-3.91,14.59,14.36,13.52,203,0.23,1697,28.00,2.87,100,6,0.00,5.08,-9.29,6.53,6.67,0,0,0,14.40
20289,-0.78,-3.91,14.59,14.36,13.60,203,0.23,1693,28.00,2.87,100,6,0.00,5.08,-9.29,6.57,6.67,0,0,0,14.60
20359,-0.78,-3.91,14.59,14.36,13.68,203,0.23,1692,28.00,2.86,100,6,0.00,5.08,-9.29,6.57,6.67,0,0,0,14.60
20427,-0.78,-3.91,14.59,14.36,13.60,203,0.23,1690,28.00,2.86,100,6,0.00,5.08,-9.29,6.53,6.67,0,0,0,14.50
20496,-0.78,-3.91,14.59,14.36,13.76,203,0.23,1692,28.00,2.86,100,7,0.00,5.08,-9.29,6.57,6.67,0,0,0,14.50
20565,-0.78,-3.91,14.59,14.36,13.60,203,0.23,1685,28.00,2.84,100,7,0.00,5.08,-9.29,6.57,6.67,0,0,0,14.50
20634,-0.78,-3.91,14.59,14.36,13.76,203,0.23,1681,28.00,2.87,100,7,0.00,5.22,-9.14,6.57,6.67,0,0,0,14.50
20704,-0.78,-3.91,14.59,14.36,13.60,203,0.23,1673,28.00,2.87,100,7,0.00,5.22,-9.14,6.57,6.67,0,0,0,14.60
20772,-0.78,-3.91,14.59,14.36,13.76,203,0.23,1665,28.00,2.87,100,8,0.00,5.22,-9.14,6.53,6.67,0,0,0,14.50
20841,-0.78,-3.91,14.59,14.36,13.52,203,0.23,1665,28.00,2.87,100,8,0.00,5.22,-9.14,6.53,6.67,0,0,0,14.50
20910,-0.78,-3.91,14.59,14.36,13.68,203,0.23,1670,27.50,2.87,100,8,0.00,5.22,-9.14,6.57,6.67,0,0,0,14.50
20980,-0.78,-3.91,14.59,14.36,13.76,203,0.23,1675,27.50,2.89,100,8,0.00,5.22,-9.14,6.53,6.67,0,0,0,14.50
21048,-0.78,-3.91,14.59,14.36,13.60,203,0.24,1667,28.00,2.87,100,8,0.00,5.22,-9.14,6.53,6.67,0,0,0,14.50
21118,-0.78,-3.91,14.59,14.36,13.76,203,0.23,1682,27.50,2.85,100,9,0.00,5.22,-9.14,6.53,6.67,0,0,0,14.50
21186,-0.78,-3.91,14.59,14.36,13.60,203,0.23,1680,27.50,2.85,100,9,0.00,5.22,-9.14,6.53,6.67,0,0,0,14.50
21255,-0.78,-3.91,14.59,14.36,13.60,203,0.24,1682,27.50,2.84,100,9,0.00,5.22,-9.14,6.53,6.67,0,0,0,14.50
21324,-0.78,-3.91,14.59,14.36,13.52,203,0.24,1685,27.50,2.84,100,9,0.00,5.22,-9.14,6.57,6.67,0,0,0,14.50
21393,-0.78,-4.69,14.59,14.36,13.68,203,0.23,1684,28.00,2.84,100,10,0.00,5.22,-9.14,6.57,6.67,0,0,0,14.50
21463,-0.78,-4.69,14.59,14.36,13.68,203,0.23,1680,28.00,2.84,100,10,0.00,5.22,-9.14,6.57,6.67,0,0,0,14.50
21531,-0.78,-4.69,14.59,14.36,13.68,203,0.24,1677,28.00,2.84,100,10,0.00,5.22,-9.14,6.57,6.67,0,0,0,14.50
21600,-0.78,-4.69,14.59,14.36,13.52,203,0.23,1666,28.00,2.87,100,10,0.00,5.22,-9.14,6.53,6.67,0,0,0,14.50
21669,-0.78,-4.69,14.59,14.36,13.60,203,0.23,1670,28.00,2.87,100,11,0.00,5.22,-9.14,6.53,6.67,0,0,0,14.50
21738,-0.78,-4.69,14.59,14.36,13.60,203,0.23,1670,28.00,2.88,100,11,0.00,5.22,-9.14,6.57,6.67,0,0,0,14.50
21808,-0.78,-4.69,14.59,14.36,13.60,203,0.24,1673,28.00,2.88,100,11,0.00,5.22,-9.14,6.54,6.67,0,0,0,14.50
21875,-0.78,-4.69,14.59,14.36,13.68,203,0.23,1676,27.50,2.89,100,12,0.00,5.22,-9.14,6.54,6.67,0,0,0,14.50
21945,-0.78,-4.69,14.59,14.36,13.60,203,0.23,1676,28.00,2.88,100,12,0.00,5.22,-9.14,6.54,6.67,0,0,0,14.50
22014,-0.78,-4.69,14.59,14.36,13.60,203,0.23,1672,27.50,2.88,100,12,0.00,5.22,-9.14,6.54,6.67,0,0,0,14.40
22083,-0.78,-4.69,14.59,14.36,13.60,203,0.24,1687,27.50,2.85,100,12,0.00,5.22,-9.14,6.57,6.67,0,0,0,14.50
22152,0.00,-4.69,14.59,14.36,13.68,203,0.24,1673,27.50,2.83,100,13,0.00,5.22,-9.14,6.57,6.67,0,0,0,14.50
22221,-0.78,-4.69,14.59,14.36,13.52,203,0.24,1663,27.50,2.81,100,13,0.00,5.22,-9.14,6.57,6.67,0,0,0,14.50
22291,0.00,-4.69,14.59,14.36,13.68,203,0.24,1663,27.50,2.81,100,13,0.00,5.37,-9.00,6.57,6.67,0,0,0,14.60
22359,-0.78,-4.69,14.59,14.36,13.68,203,0.24,1662,27.50,2.81,100,13,0.00,5.37,-9.00,6.57,6.67,0,0,0,14.60
22428,-0.78,-4.69,14.59,14.36,13.68,203,0.24,1653,27.50,2.82,100,14,0.00,5.37,-9.00,6.57,6.67,0,0,0,14.50
22497,-0.78,-4.69,14.59,14.36,13.68,203,0.24,1638,27.50,2.82,100,14,0.00,5.37,-9.00,6.57,6.67,0,0,0,14.50
22566,-0.78,-4.69,14.59,14.36,13.60,203,0.24,1635,27.50,2.81,100,14,0.00,5.37,-9.00,6.54,6.67,0,0,0,14.40
22635,-0.78,-4.69,14.47,14.36,13.68,203,0.24,1628,27.50,2.80,100,14,0.00,5.37,-9.00,6.58,6.67,0,0,0,14.40
22704,-1.56,-4.69,14.47,14.36,13.68,203,0.24,1621,27.00,2.79,100,14,0.00,5.37,-9.00,6.58,6.67,0,0,0,14.40
22773,-1.56,-4.69,14.47,14.36,13.68,203,0.24,1639,27.00,2.76,100,14,0.00,5.51,-8.85,6.61,6.67,0,0,0,14.40
22842,-2.34,-4.69,14.47,14.36,13.60,203,0.24,1635,27.00,2.76,100,15,0.00,5.51,-8.85,6.61,6.67,0,0,0,14.40
22911,-1.56,-4.69,14.47,14.36,13.68,203,0.24,1635,27.00,2.76,100,15,0.00,5.51,-8.85,6.65,6.67,0,0,0,14.40
22980,-2.34,-4.69,14.47,14.36,13.68,203,0.25,1623,27.00,2.77,100,15,0.00,5.51,-8.85,6.65,6.67,0,0,0,14.40
23049,-2.34,-4.69,14.47,14.36,13.60,203,0.24,1611,27.00,2.77,100,15,0.00,5.51,-8.85,6.61,6.67,0,0,0,14.40
23118,-2.34,-4.69,14.47,14.36,13.60,203,0.25,1612,27.00,2.78,100,15,0.00,5.51,-8.85,6.61,6.67,0,0,0,14.40
23188,-2.34,-4.69,14.47,14.36,13.68,203,0.25,1611,26.50,2.76,100,16,0.00,5.51,-8.85,6.61,6.67,0,0,0,14.50
23256,-2.34,-4.69,14.47,14.36,13.68,203,0.25,1618,26.50,2.75,100,16,0.00,5.51,-8.85,6.61,6.67,0,0,0,14.50
23325,-2.34,-4.69,14.47,14.36,13.52,203,0.25,1616,26.50,2.74,100,16,0.00,5.66,-8.71,6.62,6.67,0,0,0,14.40
23394,-3.12,-4.69,14.47,14.36,13.68,203,0.25,1609,27.00,2.73,100,17,0.00,5.66,-8.71,6.66,6.67,0,0,0,14.40
23463,-3.12,-4.69,14.47,14.36,13.60,203,0.25,1610,26.50,2.75,100,17,0.00,5.66,-8.71,6.62,6.67,0,0,0,14.50
23532,-3.12,-4.69,14.47,14.36,13.60,203,0.25,1585,26.50,2.72,100,17,0.00,5.66,-8.71,6.66,6.67,0,0,0,14.50
23601,-3.12,-4.69,14.47,14.36,13.60,203,0.25,1583,26.50,2.73,100,17,0.00,5.66,-8.71,6.66,6.67,0,0,0,14.50
23671,-3.12,-4.69,14.47,14.36,13.60,203,0.25,1584,26.50,2.70,100,17,0.00,5.66,-8.71,6.66,6.67,0,0,0,14.40
23740,-3.91,-4.69,14.47,14.36,13.60,203,0.25,1604,26.50,2.70,100,17,0.00,5.66,-8.71,6.66,6.67,0,0,0,14.40
23807,-3.91,-4.69,14.47,14.36,13.68,203,0.25,1585,26.50,2.68,100,18,0.00,5.66,-8.71,6.66,6.67,0,0,0,14.40
23877,-3.91,-4.69,14.47,14.36,13.68,203,0.25,1578,26.50,2.71,100,18,0.00,5.80,-8.56,6.69,6.67,0,0,0,14.50
23946,-3.91,-4.69,14.47,14.36,13.44,203,0.25,1567,26.50,2.70,100,18,0.00,5.80,-8.56,6.66,6.67,0,0,0,14.50
24015,-3.91,-4.69,14.47,14.36,13.68,203,0.25,1568,26.00,2.70,100,18,0.00,5.80,-8.56,6.66,6.67,0,0,0,14.40
24084,-3.91,-4.69,14.47,14.36,13.76,203,0.26,1580,26.50,2.67,100,18,0.00,5.80,-8.56,6.66,6.67,0,0,0,14.50
24153,-3.91,-4.69,14.47,14.36,13.68,203,0.25,1579,26.00,2.67,100,19,0.00,5.80,-8.56,6.63,6.67,0,0,0,14.50
24223,-4.69,-4.69,14.47,14.36,13.68,203,0.26,1562,26.50,2.67,100,19,0.00,5.80,-8.56,6.63,6.67,0,0,0,14.50
24291,-4.69,-4.69,14.47,14.36,13.68,203,0.26,1554,26.50,2.67,100,19,0.00,5.80,-8.56,6.66,6.67,0,0,0,14.40
24360,-4.69,-4.69,14.47,14.36,13.60,203,0.26,1530,26.00,2.65,100,19,0.00,5.95,-8.42,6.66,6.67,0,0,0,14.40
24430,-4.69,-4.69,14.47,14.36,13.60,203,0.26,1547,26.00,2.62,100,19,0.00,5.95,-8.42,6.66,6.67,0,0,0,14.50
24498,-4.69,-4.69,14.47,14.36,13.68,203,0.26,1545,26.00,2.59,100,19,0.00,5.95,-8.42,6.66,6.67,0,0,0,14.40
24567,-5.47,-4.69,14.47,14.36,13.60,203,0.26,1511,26.00,2.61,100,19,0.00,5.95,-8.42,6.63,6.67,0,0,0,14.50
24636,-5.47,-4.69,14.47,14.36,13.68,203,0.26,1525,26.00,2.61,100,20,0.00,5.95,-8.42,6.66,6.67,0,0,0,14.50
24706,-4.69,-4.69,14.47,14.36,13.44,203,0.26,1525,25.50,2.59,100,20,0.00,5.95,-8.42,6.63,6.67,0,0,0,14.60
24774,-5.47,-4.69,14.47,14.36,13.68,203,0.26,1534,26.00,2.60,100,20,0.00,5.95,-8.42,6.59,6.67,0,0,0,14.50
24843,-6.25,-4.69,14.47,14.36,13.60,203,0.27,1504,26.00,2.57,100,20,0.00,5.95,-8.42,6.63,6.67,0,0,0,14.50
24912,-6.25,-4.69,14.47,14.36,13.68,203,0.27,1494,25.50,2.58,100,20,0.00,5.95,-8.42,6.67,6.67,0,0,0,14.50
24981,-5.47,-4.69,14.59,14.36,13.60,203,0.27,1520,26.00,2.56,100,20,0.00,6.09,-8.27,6.67,6.67,0,0,0,14.50
25050,-4.69,-4.69,14.59,14.36,13.36,203,0.27,1505,26.00,2.57,100,20,0.00,6.09,-8.27,6.67,6.67,0,0,0,14.50
25119,-5.47,-4.69,14.59,14.36,13.36,203,0.26,1498,26.00,2.57,100,19,0.00,6.09,-8.27,6.63,6.67,0,0,0,14.50
25189,-6.25,-4.69,14.47,14.36,13.60,203,0.27,1477,25.50,2.52,100,19,0.00,5.95,-8.42,6.67,6.67,0,0,0,14.50
25257,-6.25,-4.69,14.47,14.36,13.60,203,0.27,1480,25.50,2.52,100,16,0.00,5.95,-8.42,6.67,6.67,0,0,0,14.50
25326,-5.47,-4.69,14.59,14.36,13.52,203,0.27,1472,25.50,2.54,100,14,0.00,5.95,-8.42,6.67,6.67,0,0,0,14.60
25396,-4.69,-4.69,14.59,14.36,13.76,203,0.27,1474,25.50,2.55,100,12,0.00,5.95,-8.42,6.67,6.67,0,0,0,14.50
25464,-4.69,-4.69,14.70,14.36,13.60,203,0.27,1504,25.50,2.55,100,9,0.00,5.95,-8.42,6.63,6.67,0,0,0,14.60
25533,-3.91,-4.69,14.81,14.36,13.68,203,0.26,1519,26.00,2.59,100,6,0.00,5.80,-8.56,6.67,6.67,0,0,0,14.60
25602,-2.34,-4.69,14.93,14.36,13.60,203,0.26,1524,26.00,2.63,100,4,0.00,5.80,-8.56,6.60,6.67,0,0,0,14.40
25671,-1.56,-4.69,15.04,14.36,13.60,203,0.26,1535,26.00,2.65,100,3,0.00,5.80,-8.56,6.64,6.67,0,0,0,15.20
25741,-0.78,-4.69,15.16,14.36,13.60,203,0.26,1565,26.00,2.65,100,2,0.00,5.66,-8.71,6.68,6.67,0,0,0,15.20
25809,0.00,-4.69,15.04,14.36,13.68,203,0.25,1578,26.50,2.68,100,1,0.00,5.66,-8.71,6.68,6.67,0,0,0,15.10
25878,0.00,-4.69,15.04,14.36,13.68,203,0.25,1576,26.50,2.73,100,1,0.00,5.66,-8.71,6.68,6.67,0,0,0,15.10
25947,0.00,-4.69,14.93,14.36,13.60,203,0.25,1592,26.50,2.75,100,0,0.00,5.66,-8.71,6.68,6.67,0,0,0,15.10
26016,-0.78,-4.69,14.81,14.36,13.68,203,0.25,1611,26.50,2.79,100,0,0.00,5.51,-8.85,6.68,6.67,0,0,0,15.00
26085,-0.78,-4.69,14.70,14.36,13.68,203,0.25,1625,27.00,2.81,100,0,0.00,5.51,-8.85,6.71,6.67,0,0,0,14.80
26154,-0.78,-4.69,14.59,14.36,13.68,203,0.25,1651,27.00,2.79,100,0,0.00,5.51,-8.85,6.75,6.67,0,0,0,14.80
26224,-0.78,-4.69,14.47,14.36,13.36,203,0.25,1660,27.50,2.82,100,0,0.00,5.37,-9.00,6.75,6.67,0,0,0,14.30
26292,-1.56,-4.69,14.47,14.36,13.68,203,0.24,1673,27.50,2.84,100,0,0.00,5.37,-9.00,6.75,6.67,0,0,0,14.50
26361,-1.56,-4.69,14.47,14.36,13.60,203,0.24,1683,27.50,2.85,100,0,0.00,5.37,-9.00,6.75,6.67,0,0,0,14.50
26431,-1.56,-4.69,14.47,14.36,13.76,203,0.24,1681,28.00,2.84,100,0,0.00,5.22,-9.14,6.76,6.67,0,0,0,14.40
26500,-1.56,-4.69,14.47,14.36,13.68,203,0.24,1684,28.00,2.85,100,0,0.00,5.22,-9.14,6.76,6.67,0,0,0,14.40
26568,-1.56,-4.69,14.59,14.36,13.68,203,0.24,1672,28.00,2.86,100,0,0.00,5.22,-9.14,6.79,6.67,0,0,0,14.40
26637,-0.78,-4.69,14.59,14.36,13.68,203,0.24,1669,28.00,2.87,100,0,0.00,5.22,-9.14,6.76,6.67,0,0,0,14.40
26707,-0.78,-4.69,14.59,14.36,13.52,203,0.24,1677,28.00,2.88,100,0,0.00,5.22,-9.14,6.79,6.67,0,0,0,14.60
26775,-0.78,-4.69,14.59,14.36,13.68,203,0.24,1675,28.00,2.88,100,0,0.00,5.22,-9.14,6.79,6.67,0,0,0,14.50
26844,-0.78,-4.69,14.59,14.36,13.60,203,0.24,1678,27.50,2.89,100,0,0.00,5.22,-9.14,6.76,6.67,0,0,0,14.50
26913,-0.78,-4.69,14.59,14.36,13.68,203,0.24,1672,28.00,2.88,100,0,0.00,5.22,-9.14,6.79,6.67,0,0,0,14.60
26983,-1.56,-4.69,14.59,14.36,13.60,203,0.24,1678,27.50,2.89,100,0,0.00,5.22,-9.14,6.79,6.67,0,0,0,14.60
27052,-1.56,-4.69,14.59,14.36,13.68,203,0.24,1677,27.50,2.86,100,0,0.00,5.22,-9.14,6.76,6.67,0,0,0,14.60
27120,-1.56,-4.69,14.59,14.36,13.52,203,0.24,1693,27.50,2.87,100,0,0.00,5.22,-9.14,6.76,6.67,0,0,0,14.50
27190,-1.56,-4.69,14.59,14.36,13.68,203,0.24,1687,27.50,2.85,100,0,0.00,5.22,-9.14,6.76,6.67,0,0,0,14.50
27259,-1.56,-4.69,14.59,14.36,13.52,203,0.24,1694,27.50,2.87,100,0,0.00,5.22,-9.14,6.76,6.67,0,0,0,14.50
27327,-1.56,-4.69,14.47,14.36,13.60,203,0.24,1700,28.00,2.87,100,0,0.00,5.22,-9.14,6.73,6.67,0,0,0,14.50
27396,-1.56,-4.69,14.47,14.36,13.60,203,0.24,1696,28.00,2.87,100,0,0.00,5.22,-9.14,6.73,6.67,0,0,0,14.50
27466,-2.34,-4.69,14.47,14.36,13.60,203,0.24,1696,28.00,2.88,100,0,0.00,5.22,-9.14,6.73,6.67,0,0,0,14.50
27534,-1.56,-4.69,14.47,14.36,13.76,203,0.24,1704,28.00,2.89,100,0,0.00,5.22,-9.14,6.73,6.67,0,0,0,14.50
27603,-1.56,-4.69,14.59,14.36,13.52,203,0.24,1703,28.00,2.88,100,0,0.00,5.22,-9.14,6.73,6.67,0,0,0,14.50
27673,-1.56,-4.69,14.59,14.36,13.68,203,0.24,1692,28.00,2.91,100,0,0.00,5.22,-9.14,6.73,6.67,0,0,0,14.40
27742,-1.56,-4.69,14.59,14.36,13.60,203,0.24,1686,28.00,2.90,100,0,0.00,5.22,-9.14,6.73,6.67,0,0,0,14.40
27810,-1.56,-4.69,14.59,14.36,13.68,203,0.24,1681,28.00,2.89,100,0,0.00,5.22,-9.14,6.73,6.67,0,0,0,14.50
27879,-1.56,-4.69,14.59,14.36,13.44,203,0.24,1674,28.00,2.88,100,0,0.00,5.22,-9.14,6.73,6.67,0,0,0,14.60
27949,-1.56,-4.69,14.59,14.36,13.52,203,0.24,1680,28.00,2.90,100,0,0.00,5.22,-9.14,6.73,6.67,0,0,0,14.60
28018,-1.56,-4.69,14.59,14.36,13.60,203,0.24,1685,28.00,2.91,100,0,0.00,5.22,-9.14,6.70,6.67,0,0,0,14.60
28087,-1.56,-4.69,14.59,14.36,13.60,203,0.24,1680,28.00,2.90,100,0,0.00,5.22,-9.14,6.70,6.67,0,0,0,14.70
28155,-1.56,-4.69,14.59,14.36,13.68,203,0.24,1682,27.50,2.90,100,0,0.00,5.22,-9.14,6.70,6.67,0,0,0,14.70
28225,-1.56,-4.69,14.59,14.36,13.68,203,0.24,1682,28.00,2.90,100,0,0.00,5.08,-9.29,6.73,6.67,0,0,0,14.60
28293,-0.78,-4.69,14.59,14.36,13.68,203,0.24,1697,28.00,2.88,100,0,0.00,5.08,-9.29,6.70,6.67,0,0,0,14.60
28362,-0.78,-4.69,14.59,14.36,13.60,203,0.24,1698,28.00,2.88,100,0,0.00,5.22,-9.14,6.70,6.67,0,0,0,14.60
28431,-0.78,-4.69,14.59,14.36,13.68,203,0.24,1708,28.00,2.89,100,0,0.00,5.22,-9.14,6.73,6.67,0,0,0,14.60
28501,-0.78,-4.69,14.59,14.36,13.60,203,0.24,1710,28.00,2.89,100,0,0.00,5.08,-9.29,6.70,6.67,0,0,0,14.70
28570,-0.78,-4.69,14.59,14.36,13.60,203,0.24,1708,28.00,2.89,100,0,0.00,5.08,-9.29,6.70,6.67,0,0,0,14.60
28638,-0.78,-4.69,14.59,14.36,13.60,203,0.23,1710,28.00,2.90,100,0,0.00,5.08,-9.29,6.70,6.67,0,0,0,14.60
28708,-0.78,-4.69,14.59,14.36,13.68,203,0.24,1708,28.50,2.88,100,0,0.00,5.08,-9.29,6.67,6.67,0,0,0,14.60
28777,-0.78,-4.69,14.59,14.36,13.60,203,0.24,1705,28.00,2.88,100,1,0.00,5.08,-9.29,6.67,6.67,0,0,0,14.50
28845,-0.78,-4.69,14.70,14.36,13.60,203,0.23,1707,28.00,2.89,100,1,0.00,5.08,-9.29,6.70,6.67,0,0,0,14.50
28914,0.00,-4.69,14.70,14.36,13.68,203,0.23,1704,28.00,2.88,100,1,0.00,5.08,-9.29,6.70,6.67,0,0,0,14.50
28985,-0.78,-4.69,14.59,14.36,13.60,203,0.23,1708,28.00,2.91,100,1,0.00,5.08,-9.29,6.67,6.67,0,0,0,14.70
29052,0.00,-4.69,14.59,14.36,13.68,203,0.23,1697,28.00,2.92,100,2,0.00,5.08,-9.29,6.63,6.67,0,0,0,14.70
29122,0.00,-4.69,14.59,14.36,13.60,203,0.23,1696,28.00,2.91,100,2,0.00,5.08,-9.29,6.67,6.67,0,0,0,14.60
29191,0.00,-4.69,14.59,14.36,13.52,203,0.23,1694,28.00,2.91,100,2,0.00,5.08,-9.29,6.67,6.67,0,0,0,14.60
29260,0.00,-4.69,14.59,14.36,13.52,203,0.23,1700,28.00,2.92,100,2,0.00,5.08,-9.29,6.67,6.67,0,0,0,14.60
29328,0.00,-4.69,14.59,14.36,13.68,203,0.23,1696,28.00,2.91,100,3,0.00,5.08,-9.29,6.70,6.67,0,0,0,14.50
29398,0.00,-4.69,14.59,14.36,13.44,203,0.23,1694,28.00,2.91,100,3,0.00,5.08,-9.29,6.67,6.67,0,0,0,14.60
29468,0.00,-4.69,14.59,14.36,13.28,203,0.24,1700,28.00,2.92,100,3,0.00,5.22,-9.14,6.67,6.67,0,0,0,14.60
29536,0.00,-4.69,14.59,14.36,13.68,203,0.24,1702,28.00,2.92,100,3,0.00,5.08,-9.29,6.64,6.67,0,0,0,14.60
29605,0.00,-4.69,14.59,14.36,13.68,203,0.24,1696,28.00,2.92,100,4,0.00,5.08,-9.29,6.71,6.67,0,0,0,14.60
29673,0.00,-4.69,14.59,14.36,13.60,203,0.24,1702,28.00,2.93,100,4,0.00,5.08,-9.29,6.67,6.67,0,0,0,14.50
29743,0.00,-4.69,14.59,14.36,13.68,203,0.24,1693,28.00,2.91,100,4,0.00,5.08,-9.29,6.67,6.67,0,0,0,14.50
29812,0.00,-4.69,14.59,14.36,13.68,203,0.24,1693,28.00,2.92,100,5,0.00,5.08,-9.29,6.64,6.67,0,0,0,14.50
29881,0.00,-4.69,14.59,14.36,13.60,203,0.24,1715,28.00,2.90,100,5,0.00,5.08,-9.29,6.64,6.67,0,0,0,14.60
29951,0.00,-4.69,14.59,14.36,13.68,203,0.23,1709,28.00,2.89,100,5,0.00,5.22,-9.14,6.64,6.67,0,0,0,14.60
30019,0.00,-4.69,14.59,14.36,13.68,203,0.24,1704,28.00,2.89,100,5,0.00,5.08,-9.29,6.67,6.67,0,0,0,14.50
30088,0.00,-4.69,14.59,14.36,13.60,203,0.24,1710,28.00,2.90,100,6,0.00,5.22,-9.14,6.71,6.67,0,0,0,14.50
30156,0.00,-4.69,14.59,14.36,13.60,203,0.24,1708,28.00,2.89,100,6,0.00,5.22,-9.14,6.67,6.67,0,0,0,14.50
30226,0.00,-4.69,14.59,14.36,13.68,203,0.24,1700,28.00,2.88,100,6,0.00,5.22,-9.14,6.68,6.67,0,0,0,14.50
30295,0.00,-4.69,14.59,14.36,13.60,203,0.23,1700,28.00,2.87,100,7,0.00,5.22,-9.14,6.68,6.67,0,0,0,14.50
30364,0.00,-4.69,14.59,14.36,13.60,203,0.24,1690,28.00,2.86,100,7,0.00,5.22,-9.14,6.64,6.67,0,0,0,14.60
30434,0.00,-4.69,14.59,14.36,13.52,203,0.23,1703,28.00,2.88,100,7,0.00,5.22,-9.14,6.64,6.67,0,0,0,14.60
30502,0.00,-4.69,14.59,14.36,13.52,203,0.24,1697,28.00,2.87,100,8,0.00,5.22,-9.14,6.64,6.67,0,0,0,14.60
30571,0.00,-4.69,14.59,14.36,13.68,203,0.24,1683,28.00,2.90,100,8,0.00,5.22,-9.14,6.68,6.67,0,0,0,14.50
30639,0.00,-4.69,14.59,14.36,13.68,203,0.23,1680,28.00,2.90,100,8,0.00,5.22,-9.14,6.64,6.67,0,0,0,14.50
30709,0.00,-4.69,14.59,14.36,13.68,203,0.24,1690,28.00,2.91,100,8,0.00,5.22,-9.14,6.68,6.67,0,0,0,14.50
30778,0.00,-4.69,14.59,14.36,13.52,203,0.24,1682,28.00,2.90,100,9,0.00,5.22,-9.14,6.72,6.67,0,0,0,14.50
30847,0.00,-4.69,14.59,14.36,13.60,203,0.24,1683,28.00,2.90,100,9,0.00,5.22,-9.14,6.68,6.67,0,0,0,14.50
30916,0.00,-4.69,14.59,14.36,13.68,203,0.24,1683,28.00,2.90,100,9,0.00,5.22,-9.14,6.72,6.67,0,0,0,14.50
30985,0.00,-4.69,14.59,14.36,13.68,203,0.24,1681,28.00,2.90,100,9,0.00,5.22,-9.14,6.72,6.67,0,0,0,14.50
31054,0.00,-4.69,14.59,14.36,13.68,203,0.24,1678,28.00,2.89,100,10,0.00,5.22,-9.14,6.72,6.67,0,0,0,14.50
31123,0.00,-4.69,14.59,14.36,13.68,203,0.24,1678,28.00,2.89,100,10,0.00,5.22,-9.14,6.69,6.67,0,0,0,14.50
31192,0.00,-4.69,14.59,14.36,13.68,203,0.24,1696,28.00,2.87,100,10,0.00,5.37,-9.00,6.72,6.67,0,0,0,14.40
31261,0.00,-4.69,14.59,14.36,13.68,203,0.24,1688,27.50,2.85,100,10,0.00,5.37,-9.00,6.69,6.67,0,0,0,14.50
31330,0.00,-4.69,14.59,14.36,13.68,203,0.24,1685,27.50,2.85,100,11,0.00,5.37,-9.00,6.69,6.67,0,0,0,14.50
31399,0.00,-4.69,14.59,14.36,13.68,203,0.24,1685,27.50,2.84,100,11,0.00,5.37,-9.00,6.69,6.67,0,0,0,14.60
31468,0.00,-4.69,14.59,14.36,13.52,203,0.24,1684,27.50,2.85,100,11,0.00,5.37,-9.00,6.72,6.67,0,0,0,14.60
31537,0.00,-4.69,14.59,14.36,13.60,203,0.24,1680,28.00,2.84,100,11,0.00,5.37,-9.00,6.69,6.67,0,0,0,14.60
31606,0.00,-4.69,14.59,14.36,13.68,203,0.24,1679,27.50,2.85,100,12,0.00,5.37,-9.00,6.72,6.67,0,0,0,14.50
31675,0.00,-4.69,14.59,14.36,13.68,203,0.24,1669,28.00,2.87,100,12,0.00,5.37,-9.00,6.69,6.67,0,0,0,14.50
31744,0.00,-4.69,14.59,14.36,13.60,203,0.24,1671,28.00,2.88,100,12,0.00,5.37,-9.00,6.69,6.67,0,0,0,14.50
31814,0.00,-4.69,14.59,14.36,13.68,203,0.24,1673,28.00,2.88,100,13,0.00,5.37,-9.00,6.69,6.67,0,0,0,14.40
31882,0.00,-4.69,14.47,14.36,13.60,203,0.24,1672,28.00,2.88,100,13,0.00,5.37,-9.00,6.73,6.67,0,0,0,14.50
31951,0.00,-4.69,14.47,14.36,13.68,203,0.24,1673,27.50,2.87,100,13,0.00,5.37,-9.00,6.73,6.67,0,0,0,14.50
32020,0.00,-4.69,14.59,14.36,13.68,203,0.24,1672,27.50,2.87,100,14,0.00,5.37,-9.00,6.69,6.67,0,0,0,14.60
32089,-0.78,-4.69,14.47,14.36,13.68,203,0.24,1667,27.50,2.87,100,14,0.00,5.37,-9.00,6.73,6.67,0,0,0,14.40
32158,-0.78,-4.69,14.59,14.36,13.68,203,0.24,1685,27.50,2.85,100,14,0.00,5.37,-9.00,6.73,6.67,0,0,0,14.50
32227,-0.78,-4.69,14.59,14.36,13.68,203,0.24,1680,27.50,2.85,100,14,0.00,5.37,-9.00,6.73,6.67,0,0,0,14.50
32296,-0.78,-4.69,14.59,14.36,13.60,203,0.24,1682,27.50,2.84,100,15,0.00,5.37,-9.00,6.73,6.67,0,0,0,14.50
32365,-0.78,-4.69,14.59,14.36,13.60,203,0.24,1685,27.50,2.85,100,15,0.00,5.51,-8.85,6.73,6.67,0,0,0,14.50
32434,-0.78,-4.69,14.59,14.36,13.60,203,0.24,1676,27.50,2.84,100,15,0.00,5.51,-8.85,6.77,6.67,0,0,0,14.50
32503,-0.78,-4.69,14.59,14.36,13.68,203,0.24,1675,27.50,2.84,100,16,0.00,5.51,-8.85,6.73,6.67,0,0,0,14.50
32573,-0.78,-4.69,14.59,14.36,13.68,203,0.24,1670,27.50,2.85,100,16,0.00,5.51,-8.85,6.74,6.67,0,0,0,14.60
32641,-0.78,-4.69,14.59,14.36,13.60,203,0.24,1653,27.50,2.85,100,16,0.00,5.51,-8.85,6.74,6.67,0,0,0,14.60
32711,-0.78,-4.69,14.59,14.36,13.60,203,0.24,1644,27.50,2.82,100,16,0.00,5.51,-8.85,6.74,6.67,0,0,0,14.40
32780,-0.78,-4.69,14.59,14.36,13.60,203,0.25,1636,27.50,2.81,100,16,0.00,5.51,-8.85,6.74,6.67,0,0,0,14.50
32849,-0.78,-4.69,14.59,14.36,13.60,203,0.25,1628,27.00,2.80,100,16,0.00,5.51,-8.85,6.74,6.67,0,0,0,14.50
32917,-0.78,-4.69,14.59,14.36,13.68,203,0.25,1639,27.00,2.77,100,17,0.00,5.66,-8.71,6.74,6.67,0,0,0,14.60
32986,-0.78,-4.69,14.59,14.36,13.60,203,0.25,1628,27.00,2.75,100,17,0.00,5.66,-8.71,6.74,6.67,0,0,0,14.40
33055,-0.78,-4.69,14.59,14.36,13.68,203,0.25,1632,27.00,2.76,100,17,0.00,5.66,-8.71,6.77,6.67,0,0,0,14.40
33124,-1.56,-4.69,14.47,14.36,13.68,203,0.25,1628,27.00,2.74,100,17,0.00,5.66,-8.71,6.77,6.67,0,0,0,14.50
33193,-2.34,-4.69,14.47,14.36,13.68,203,0.25,1609,27.00,2.76,100,18,0.00,5.80,-8.56,6.77,6.67,0,0,0,14.40
33262,-2.34,-4.69,14.36,14.36,13.60,203,0.25,1595,26.50,2.75,100,18,0.00,5.80,-8.56,6.77,6.67,0,0,0,14.40
33331,-3.12,-4.69,14.36,14.36,13.76,203,0.25,1596,26.50,2.73,100,18,0.00,5.80,-8.56,6.78,6.67,0,0,0,14.40
33400,-3.12,-4.69,14.36,14.36,13.68,203,0.26,1601,26.50,2.72,100,18,0.00,5.80,-8.56,6.78,6.67,0,0,0,14.40
33469,-3.12,-4.69,14.36,14.36,13.68,203,0.26,1601,26.50,2.71,100,19,0.00,5.80,-8.56,6.78,6.67,0,0,0,14.50
33538,-3.91,-4.69,14.36,14.36,13.52,203,0.26,1600,26.50,2.70,100,19,0.00,5.80,-8.56,6.78,6.67,0,0,0,14.50
33607,-3.91,-4.69,14.36,14.36,13.76,203,0.26,1570,26.50,2.70,100,19,0.00,5.80,-8.56,6.82,6.67,0,0,0,14.40
33676,-3.91,-4.69,14.36,14.36,13.68,203,0.26,1575,26.50,2.72,100,19,0.00,5.95,-8.42,6.78,6.67,0,0,0,14.40
33745,-3.91,-4.69,14.47,14.36,13.68,203,0.26,1574,26.50,2.71,100,19,0.00,5.95,-8.42,6.78,6.67,0,0,0,14.40
33815,-4.69,-4.69,14.47,14.36,13.68,203,0.26,1583,26.50,2.67,100,19,0.00,5.95,-8.42,6.78,6.67,0,0,0,14.40
33883,-4.69,-4.69,14.47,14.36,13.60,203,0.26,1580,26.50,2.66,100,20,0.00,5.95,-8.42,6.78,6.67,0,0,0,14.30
33953,-4.69,-4.69,14.47,14.36,13.76,203,0.26,1560,26.50,2.66,100,20,0.00,5.95,-8.42,6.78,6.67,0,0,0,14.30
34021,-4.69,-4.69,14.47,14.36,13.52,203,0.26,1543,26.50,2.65,100,20,0.00,5.95,-8.42,6.78,6.67,0,0,0,14.50
34090,-3.91,-4.69,14.59,14.36,13.76,203,0.27,1532,26.00,2.62,100,20,0.00,6.09,-8.27,6.82,6.67,0,0,0,14.50
34160,-3.91,-4.69,14.59,14.36,13.60,203,0.27,1533,26.00,2.60,100,21,0.00,6.09,-8.27,6.79,6.67,0,0,0,14.60
34228,-4.69,-4.69,14.59,14.36,13.76,203,0.27,1537,26.00,2.62,100,21,0.00,6.09,-8.27,6.79,6.67,0,0,0,14.60
34297,-4.69,-4.69,14.59,14.36,13.52,203,0.27,1505,26.00,2.60,100,21,0.00,6.09,-8.27,6.82,6.67,0,0,0,14.70
34366,-4.69,-4.69,14.47,14.36,13.68,203,0.27,1514,26.00,2.58,100,21,0.00,6.09,-8.27,6.75,6.67,0,0,0,14.60
34435,-5.47,-4.69,14.47,14.36,13.60,203,0.27,1535,26.00,2.58,100,20,0.00,6.09,-8.27,6.75,6.67,0,0,0,14.60
34504,-5.47,-4.69,14.47,14.36,13.68,203,0.26,1532,26.00,2.62,100,20,0.00,6.09,-8.27,6.75,6.67,0,0,0,14.50
34574,-4.69,-4.69,14.47,14.36,13.60,203,0.27,1522,26.00,2.60,100,18,0.00,6.09,-8.27,6.79,6.67,0,0,0,14.50
34643,-5.47,-4.69,14.47,14.36,13.60,203,0.27,1515,26.00,2.63,100,18,0.00,6.09,-8.27,6.79,6.67,0,0,0,14.50
34712,-4.69,-4.69,14.47,14.36,13.68,203,0.26,1544,26.00,2.62,100,15,0.00,5.95,-8.42,6.75,6.67,0,0,0,14.50
34781,-4.69,-4.69,14.59,14.36,13.60,203,0.26,1551,26.50,2.63,100,13,0.00,5.95,-8.42,6.75,6.67,0,0,0,14.50
34849,-3.91,-4.69,14.70,14.36,13.76,203,0.26,1549,26.50,2.68,100,10,0.00,5.95,-8.42,6.76,6.67,0,0,0,14.50
34919,-3.12,-4.69,14.81,14.36,13.60,203,0.26,1574,26.50,2.72,100,8,0.00,5.80,-8.56,6.76,6.67,0,0,0,14.10
34988,-1.56,-4.69,15.04,14.36,13.68,203,0.26,1582,26.50,2.70,100,5,0.00,5.80,-8.56,6.76,6.67,0,0,0,14.80
35057,0.00,-4.69,15.04,14.36,13.60,203,0.25,1612,26.50,2.74,100,4,0.00,5.66,-8.71,6.76,6.67,0,0,0,14.80
35126,0.00,-4.69,15.16,14.36,13.68,203,0.25,1632,27.00,2.77,100,3,0.00,5.66,-8.71,6.79,6.67,0,0,0,15.20
35195,0.78,-4.69,15.16,14.36,13.60,203,0.25,1651,27.50,2.80,100,2,0.00,5.66,-8.71,6.83,6.67,0,0,0,15.30
35263,0.78,-4.69,15.04,14.36,13.68,203,0.25,1665,27.50,2.82,100,1,0.00,5.51,-8.85,6.87,6.67,0,0,0,15.10
35333,1.56,-4.69,15.04,14.36,13.60,203,0.25,1662,27.50,2.86,100,1,0.00,5.51,-8.85,6.87,6.67,0,0,0,15.10
35402,0.78,-4.69,14.93,14.36,13.68,203,0.25,1676,28.00,2.88,100,0,0.00,5.37,-9.00,6.90,6.67,0,0,0,15.00
35471,0.78,-4.69,14.81,14.36,13.68,203,0.24,1681,28.00,2.89,100,0,0.00,5.37,-9.00,6.90,6.67,0,0,0,15.00
35540,0.78,-4.69,14.70,14.36,13.60,203,0.24,1690,28.00,2.91,100,0,0.00,5.37,-9.00,6.87,6.67,0,0,0,15.00
35608,0.78,-4.69,14.59,14.36,13.68,203,0.24,1702,28.50,2.92,100,0,0.00,5.37,-9.00,6.87,6.67,0,0,0,14.60
35678,0.78,-4.69,14.59,14.36,13.52,203,0.24,1702,28.00,2.93,100,0,0.00,5.22,-9.14,6.91,6.67,0,0,0,14.30
35747,0.78,-4.69,14.59,14.36,13.68,203,0.24,1710,28.00,2.94,100,0,0.00,5.22,-9.14,6.87,6.67,0,0,0,14.30
35815,0.00,-4.69,14.47,14.36,13.60,203,0.24,1720,28.50,2.95,100,0,0.00,5.22,-9.14,6.87,6.67,0,0,0,14.50
35885,0.00,-4.69,14.47,14.36,13.60,203,0.24,1722,28.50,2.97,100,0,0.00,5.22,-9.14,6.87,6.67,0,0,0,14.50
35954,0.00,-4.69,14.47,14.36,13.60,203,0.24,1731,28.50,2.98,100,0,0.00,5.22,-9.14,6.87,6.67,0,0,0,14.50
36023,-0.78,-4.69,14.47,14.36,13.68,203,0.24,1736,28.50,2.99,100,0,0.00,5.08,-9.29,6.84,6.67,0,0,0,14.40
36092,-0.78,-4.69,14.47,14.36,13.60,203,0.24,1736,28.50,2.97,100,0,0.00,5.08,-9.29,6.84,6.67,0,0,0,14.50
36161,-0.78,-4.69,14.47,14.36,13.60,203,0.24,1725,28.50,2.97,100,0,0.00,5.08,-9.29,6.84,6.67,0,0,0,14.30
36229,-0.78,-4.69,14.47,14.36,13.68,203,0.24,1725,28.50,2.97,100,0,0.00,5.08,-9.29,6.84,6.67,0,0,0,14.30
36298,-0.78,-4.69,14.59,14.36,13.52,203,0.24,1733,28.50,2.98,100,0,0.00,5.08,-9.29,6.87,6.67,0,0,0,14.50
36368,0.00,-4.69,14.59,14.36,13.68,203,0.24,1727,28.50,2.97,100,0,0.00,5.08,-9.29,6.84,6.67,0,0,0,14.50
36437,0.00,-4.69,14.59,14.36,13.60,203,0.24,1731,28.50,2.97,100,0,0.00,5.08,-9.29,6.84,6.67,0,0,0,14.50
36506,0.00,-4.69,14.59,14.36,13.76,203,0.24,1724,28.50,2.96,100,0,0.00,5.08,-9.29,6.84,6.67,0,0,0,14.50
36575,0.00,-4.69,14.59,14.36,13.60,203,0.24,1726,28.50,2.97,100,0,0.00,5.08,-9.29,6.84,6.67,0,0,0,14.60
36644,0.00,-4.69,14.59,14.36,13.68,203,0.24,1726,28.50,2.97,100,0,0.00,5.08,-9.29,6.81,6.67,0,0,0,14.60
36712,0.00,-4.69,14.59,14.36,13.52,203,0.24,1725,28.50,2.97,100,0,0.00,5.08,-9.29,6.81,6.67,0,0,0,14.60
36782,0.00,-4.69,14.59,14.36,13.68,203,0.24,1734,28.50,2.98,100,0,0.00,5.08,-9.29,6.77,6.67,0,0,0,14.70
36851,0.00,-4.69,14.59,14.36,13.68,203,0.24,1734,28.50,2.98,100,0,0.00,5.08,-9.29,6.81,6.67,0,0,0,14.70
36920,0.00,-4.69,14.59,14.36,13.68,203,0.24,1732,28.50,2.99,100,0,0.00,5.08,-9.29,6.77,6.67,0,0,0,14.60
36988,0.00,-4.69,14.59,14.36,13.60,203,0.23,1739,28.50,2.98,100,0,0.00,5.08,-9.29,6.77,6.67,0,0,0,14.60
37058,0.00,-4.69,14.59,14.36,13.52,203,0.23,1732,28.50,2.97,100,0,0.00,5.08,-9.29,6.73,6.67,0,0,0,14.60
37127,0.78,-4.69,14.59,14.36,13.68,203,0.24,1724,28.50,2.96,100,0,0.00,5.08,-9.29,6.77,6.67,0,0,0,14.50
37195,0.78,-4.69,14.59,14.36,13.60,203,0.24,1728,28.50,2.98,100,0,0.00,5.08,-9.29,6.78,6.67,0,0,0,14.50
37265,0.78,-4.69,14.59,14.36,13.68,203,0.24,1730,28.50,2.97,100,0,0.00,5.08,-9.29,6.78,6.67,0,0,0,14.60
37334,0.78,-4.69,14.59,14.36,13.52,203,0.23,1733,28.50,2.98,100,0,0.00,5.08,-9.29,6.78,6.67,0,0,0,14.60
37403,0.78,-4.69,14.59,14.36,13.68,203,0.23,1732,28.50,2.97,100,0,0.00,5.08,-9.29,6.74,6.67,0,0,0,14.60
37472,0.78,-4.69,14.59,14.36,13.68,203,0.23,1726,28.50,2.97,100,0,0.00,5.08,-9.29,6.78,6.67,0,0,0,14.70
37540,0.78,-4.69,14.59,14.36,13.68,203,0.23,1726,28.50,2.96,100,0,0.00,5.08,-9.29,6.74,6.67,0,0,0,14.70
37610,0.78,-4.69,14.59,14.36,13.68,203,0.23,1727,28.50,2.97,100,0,0.00,5.08,-9.29,6.74,6.67,0,0,0,14.70
37679,0.78,-4.69,14.59,14.36,13.60,203,0.24,1726,28.50,2.97,100,0,0.00,5.08,-9.29,6.74,6.67,0,0,0,14.60
37748,0.78,-4.69,14.59,14.36,13.68,203,0.23,1735,28.50,2.99,100,0,0.00,5.08,-9.29,6.74,6.67,0,0,0,14.60
37817,0.78,-4.69,14.59,14.36,13.68,203,0.23,1738,28.50,2.99,100,0,0.00,5.08,-9.29,6.78,6.67,0,0,0,14.50
37886,0.78,-4.69,14.59,14.36,13.68,203,0.23,1738,28.50,2.98,100,1,0.00,5.08,-9.29,6.78,6.67,0,0,0,14.50
37955,0.78,-4.69,14.59,14.36,13.68,203,0.23,1738,28.50,2.99,100,1,0.00,5.08,-9.29,6.75,6.67,0,0,0,14.50
38024,0.78,-4.69,14.59,14.36,13.68,203,0.23,1739,28.50,2.99,100,1,0.00,5.08,-9.29,6.75,6.67,0,0,0,14.60
38093,1.56,-4.69,14.59,14.36,13.68,203,0.23,1742,28.50,2.98,100,1,0.00,5.08,-9.29,6.75,6.67,0,0,0,14.60
38162,1.56,-4.69,14.59,14.36,13.68,203,0.23,1733,28.50,2.97,100,1,0.00,5.08,-9.29,6.75,6.67,0,0,0,14.60
38231,1.56,-4.69,14.59,14.36,13.60,203,0.23,1735,28.50,2.99,100,1,0.00,5.08,-9.29,6.75,6.67,0,0,0,14.60
38300,1.56,-4.69,14.59,14.36,13.60,203,0.23,1736,28.50,2.98,100,2,0.00,5.08,-9.29,6.75,6.67,0,0,0,14.60
38369,1.56,-4.69,14.59,14.36,13.52,203,0.23,1740,28.50,3.00,100,2,0.00,5.08,-9.29,6.75,6.67,0,0,0,14.60
38438,1.56,-4.69,14.59,14.36,13.60,203,0.23,1743,28.50,3.00,100,2,0.00,5.08,-9.29,6.71,6.67,0,0,0,14.60
38507,1.56,-4.69,14.59,14.36,13.68,203,0.23,1749,28.50,3.01,100,2,0.00,5.08,-9.29,6.75,6.67,0,0,0,14.70
38576,1.56,-4.69,14.59,14.36,13.60,203,0.23,1748,29.00,3.00,100,3,0.00,5.08,-9.29,6.71,6.67,0,0,0,14.60
38644,1.56,-4.69,14.59,14.36,13.60,203,0.23,1734,28.50,2.98,100,3,0.00,5.08,-9.29,6.71,6.67,0,0,0,14.60
38714,1.56,-4.69,14.59,14.36,13.60,203,0.23,1734,28.50,2.99,100,3,0.00,5.08,-9.29,6.72,6.67,0,0,0,14.50
38783,1.56,-4.69,14.59,14.36,13.60,203,0.23,1734,28.50,2.97,100,3,0.00,5.08,-9.29,6.72,6.67,0,0,0,14.60
38852,1.56,-4.69,14.59,14.36,13.68,203,0.23,1728,28.50,2.97,100,4,0.00,5.08,-9.29,6.72,6.67,0,0,0,14.60
38921,1.56,-4.69,14.59,14.36,13.60,203,0.23,1734,28.50,2.99,100,4,0.00,5.08,-9.29,6.72,6.67,0,0,0,14.50
38990,1.56,-4.69,14.59,14.36,13.60,203,0.23,1734,28.50,2.98,100,5,0.00,5.08,-9.29,6.72,6.67,0,0,0,14.60
39059,2.34,-4.69,14.70,14.36,13.60,203,0.23,1741,28.50,2.99,100,5,0.00,5.08,-9.29,6.72,6.67,0,0,0,14.60
39128,2.34,-4.69,14.70,14.36,13.60,203,0.23,1732,28.50,2.98,100,5,0.00,5.08,-9.29,6.72,6.67,0,0,0,14.60
39196,2.34,-4.69,14.70,14.36,13.68,203,0.23,1735,28.50,2.98,100,5,0.00,5.08,-9.29,6.72,6.67,0,0,0,14.70
39266,2.34,-4.69,14.59,14.36,13.68,203,0.23,1733,28.50,2.98,100,6,0.00,5.08,-9.29,6.72,6.67,0,0,0,14.60
39335,2.34,-4.69,14.59,14.36,13.60,203,0.23,1741,28.50,3.00,100,6,0.00,5.08,-9.29,6.72,6.67,0,0,0,14.60
39404,2.34,-4.69,14.59,14.36,13.60,203,0.23,1742,28.50,3.00,100,6,0.00,5.08,-9.29,6.68,6.67,0,0,0,14.50
39473,2.34,-4.69,14.59,14.36,13.60,203,0.23,1740,28.50,2.99,100,7,0.00,5.08,-9.29,6.68,6.67,0,0,0,14.60
39543,2.34,-4.69,14.59,14.36,13.60,203,0.23,1739,28.50,2.99,100,7,0.00,5.08,-9.29,6.68,6.67,0,0,0,14.60
39611,2.34,-4.69,14.59,14.36,13.68,203,0.23,1728,28.50,2.97,100,7,0.00,5.08,-9.29,6.72,6.67,0,0,0,14.60
39680,2.34,-4.69,14.59,14.36,13.52,203,0.23,1729,28.50,2.97,100,8,0.00,5.08,-9.29,6.76,6.67,0,0,0,14.50
39749,2.34,-4.69,14.59,14.36,13.68,203,0.23,1729,28.50,2.98,100,8,0.00,5.08,-9.29,6.68,6.67,0,0,0,14.50
39818,2.34,-4.69,14.59,14.36,13.60,203,0.23,1731,28.50,2.98,100,8,0.00,5.08,-9.29,6.68,6.67,0,0,0,14.50
39887,2.34,-4.69,14.59,14.36,13.60,203,0.23,1732,28.50,2.98,100,9,0.00,5.22,-9.14,6.68,6.67,0,0,0,14.50
39956,2.34,-4.69,14.59,14.36,13.60,203,0.23,1734,28.50,2.99,100,9,0.00,5.08,-9.29,6.68,6.67,0,0,0,14.50
40026,2.34,-4.69,14.59,14.36,13.60,203,0.23,1732,28.50,2.98,100,9,0.00,5.08,-9.29,6.69,6.67,0,0,0,14.60
40095,2.34,-4.69,14.59,14.36,13.60,203,0.23,1736,28.50,2.97,100,10,0.00,5.22,-9.14,6.69,6.67,0,0,0,14.50
40163,2.34,-4.69,14.59,14.36,13.60,203,0.23,1728,28.50,2.98,100,10,0.00,5.22,-9.14,6.72,6.67,0,0,0,14.50
40232,2.34,-4.69,14.59,14.36,13.52,201,0.23,1721,28.50,2.95,100,10,0.00,5.22,-9.14,6.69,6.67,0,0,0,14.50
40301,2.34,-4.69,14.59,14.36,13.68,201,0.24,1716,28.00,2.96,100,11,0.00,5.22,-9.14,6.73,6.67,0,0,0,14.50
40370,2.34,-4.69,14.59,14.36,13.68,201,0.23,1722,28.50,2.97,100,11,0.00,5.22,-9.14,6.73,6.67,0,0,0,14.50
40439,2.34,-4.69,14.59,14.36,13.60,201,0.23,1723,28.50,2.95,100,11,0.00,5.22,-9.14,6.73,6.67,0,0,0,14.50
40509,2.34,-4.69,14.59,14.36,13.76,201,0.23,1724,28.50,2.97,100,11,0.00,5.22,-9.14,6.73,6.67,0,0,0,14.50
40577,2.34,-4.69,14.59,14.36,13.60,201,0.23,1722,28.50,2.96,100,12,0.00,5.22,-9.14,6.76,6.67,0,0,0,14.50
40646,2.34,-4.69,14.59,14.36,13.68,201,0.23,1724,28.50,2.96,100,12,0.00,5.22,-9.14,6.73,6.67,0,0,0,14.50
40715,2.34,-4.69,14.59,14.36,13.68,201,0.23,1717,28.50,2.95,100,12,0.00,5.22,-9.14,6.69,6.67,0,0,0,14.50
40784,2.34,-4.69,14.59,14.36,13.68,201,0.23,1722,28.50,2.96,100,13,0.00,5.22,-9.14,6.73,6.67,0,0,0,14.50
40853,2.34,-4.69,14.59,14.36,13.68,201,0.23,1724,28.50,2.96,100,13,0.00,5.22,-9.14,6.73,6.67,0,0,0,14.50
40922,2.34,-4.69,14.47,14.36,13.60,201,0.24,1722,28.50,2.96,100,13,0.00,5.22,-9.14,6.73,6.67,0,0,0,14.40
40991,2.34,-4.69,14.47,14.36,13.52,201,0.23,1722,28.50,2.94,100,14,0.00,5.37,-9.00,6.74,6.67,0,0,0,14.50
41059,2.34,-4.69,14.47,14.36,13.68,201,0.23,1731,28.50,2.95,100,14,0.00,5.37,-9.00,6.70,6.67,0,0,0,14.50
41128,2.34,-4.69,14.59,14.36,13.76,201,0.23,1726,28.50,2.95,100,14,0.00,5.22,-9.14,6.74,6.67,0,0,0,14.50
41198,2.34,-4.69,14.59,14.36,13.60,201,0.23,1738,28.50,2.94,100,14,0.00,5.37,-9.00,6.74,6.67,0,0,0,14.40
41267,1.56,-4.69,14.59,14.36,13.76,201,0.23,1740,28.50,2.94,100,15,0.00,5.37,-9.00,6.74,6.67,0,0,0,14.50
41336,1.56,-4.69,14.47,14.36,13.68,201,0.23,1738,28.50,2.94,100,15,0.00,5.22,-9.14,6.74,6.67,0,0,0,14.50
41405,1.56,-4.69,14.59,14.36,13.76,201,0.24,1724,28.50,2.92,100,15,0.00,5.37,-9.00,6.70,6.67,0,0,0,14.40
41474,1.56,-4.69,14.59,14.36,13.60,201,0.24,1730,28.50,2.94,100,16,0.00,5.37,-9.00,6.73,6.67,0,0,0,14.50
41544,1.56,-4.69,14.59,14.36,13.68,201,0.24,1724,28.50,2.92,100,16,0.00,5.37,-9.00,6.74,6.67,0,0,0,14.50
41612,1.56,-4.69,14.47,14.36,13.60,201,0.24,1718,28.00,2.91,100,16,0.00,5.37,-9.00,6.74,6.67,0,0,0,14.50
41681,1.56,-4.69,14.47,14.36,13.52,201,0.24,1712,28.00,2.91,100,17,0.00,5.37,-9.00,6.77,6.67,0,0,0,14.50
41750,0.78,-4.69,14.47,14.36,13.68,201,0.24,1715,28.00,2.91,100,17,0.00,5.37,-9.00,6.74,6.67,0,0,0,14.50
41819,0.78,-4.69,14.47,14.36,13.52,201,0.24,1703,28.00,2.89,100,17,0.00,5.37,-9.00,6.78,6.67,0,0,0,14.50
41888,0.78,-4.69,14.47,14.36,13.68,201,0.24,1714,28.50,2.91,100,17,0.00,5.51,-8.85,6.74,6.67,0,0,0,14.40
41957,0.78,-4.69,14.47,14.36,13.52,201,0.24,1708,28.50,2.89,100,18,0.00,5.51,-8.85,6.74,6.67,0,0,0,14.40
42027,0.00,-4.69,14.47,14.36,13.76,201,0.24,1712,28.50,2.90,100,18,0.00,5.51,-8.85,6.78,6.67,0,0,0,14.50
42095,0.00,-4.69,14.47,14.36,13.60,201,0.24,1707,28.50,2.89,100,18,0.00,5.51,-8.85,6.78,6.67,0,0,0,14.50
42164,0.00,-4.69,14.47,14.36,13.76,201,0.24,1706,28.50,2.89,100,18,0.00,5.51,-8.85,6.78,6.67,0,0,0,14.50
42233,-0.78,-4.69,14.47,14.36,13.60,201,0.24,1707,28.50,2.91,100,19,0.00,5.51,-8.85,6.78,6.67,0,0,0,14.50
42302,-0.78,-4.69,14.47,14.36,13.76,201,0.24,1683,28.00,2.89,100,19,0.00,5.51,-8.85,6.74,6.67,0,0,0,14.50
42371,-0.78,-4.69,14.36,14.36,13.68,201,0.24,1676,28.00,2.89,100,19,0.00,5.66,-8.71,6.78,6.67,0,0,0,14.40
42441,-1.56,-4.69,14.36,14.36,13.68,201,0.24,1656,28.00,2.85,100,19,0.00,5.51,-8.85,6.74,6.67,0,0,0,14.40
42509,-1.56,-4.69,14.47,14.36,13.76,201,0.25,1652,28.00,2.84,100,19,0.00,5.66,-8.71,6.79,6.67,0,0,0,14.50
42578,-1.56,-4.69,14.36,14.36,13.60,201,0.25,1638,27.50,2.82,100,20,0.00,5.66,-8.71,6.79,6.67,0,0,0,14.50
42647,-2.34,-4.69,14.47,14.36,13.68,201,0.25,1642,27.50,2.80,100,20,0.00,5.66,-8.71,6.78,6.67,0,0,0,14.50
42716,-2.34,-4.69,14.36,14.36,13.60,201,0.25,1649,27.00,2.78,100,20,0.00,5.80,-8.56,6.79,6.67,0,0,0,14.60
42785,-3.12,-4.69,14.36,14.36,13.68,201,0.25,1634,27.00,2.76,100,20,0.00,5.80,-8.56,6.79,6.67,0,0,0,14.50
42854,-3.12,-4.69,14.36,14.36,13.60,201,0.25,1627,27.00,2.75,100,20,0.00,5.80,-8.56,6.79,6.67,0,0,0,14.50
42923,-3.12,-4.69,14.36,14.36,13.76,201,0.25,1606,27.00,2.74,100,21,0.00,5.95,-8.42,6.82,6.67,0,0,0,14.50
42993,-2.34,-4.69,14.47,14.36,13.52,201,0.26,1583,26.50,2.72,100,21,0.00,5.95,-8.42,6.82,6.67,0,0,0,14.50
43061,-3.12,-4.69,14.47,14.36,13.68,201,0.26,1592,26.50,2.74,100,21,0.00,5.95,-8.42,6.79,6.67,0,0,0,14.50
43130,-3.12,-4.69,14.47,14.36,13.60,201,0.26,1595,26.50,2.70,100,21,0.00,5.95,-8.42,6.82,6.67,0,0,0,14.70
43199,-3.91,-4.69,14.36,14.36,13.60,201,0.26,1592,26.50,2.70,100,21,0.00,6.09,-8.27,6.82,6.67,0,0,0,14.60
43268,-3.91,-4.69,14.36,14.36,13.68,201,0.26,1587,27.00,2.68,100,21,0.00,6.09,-8.27,6.86,6.67,0,0,0,14.50
43337,-4.69,-4.69,14.36,14.36,13.60,201,0.26,1565,27.00,2.69,100,20,0.00,6.09,-8.27,6.83,6.67,0,0,0,14.50
43407,-3.91,-4.69,14.47,14.36,13.68,201,0.26,1554,26.50,2.69,100,19,0.00,6.09,-8.27,6.83,6.67,0,0,0,14.50
43476,-3.91,-4.69,14.47,14.36,13.60,201,0.26,1572,26.50,2.68,100,17,0.00,6.09,-8.27,6.87,6.67,0,0,0,14.60
43544,-3.12,-4.69,14.59,14.36,13.60,201,0.26,1586,26.50,2.68,100,15,0.00,5.95,-8.42,6.87,6.67,0,0,0,14.60
43613,-3.12,-4.69,14.59,14.36,13.60,201,0.26,1586,26.50,2.68,100,13,0.00,5.95,-8.42,6.83,6.67,0,0,0,14.30
43683,-2.34,-4.69,14.70,14.36,13.68,201,0.26,1602,27.00,2.73,100,10,0.00,5.95,-8.42,6.83,6.67,0,0,0,14.70
43751,-0.78,-4.69,14.81,14.36,13.52,201,0.25,1605,27.00,2.77,100,7,0.00,5.80,-8.56,6.87,6.67,0,0,0,14.70
43820,0.00,-4.69,15.04,14.36,13.68,201,0.26,1606,27.00,2.77,100,7,0.00,5.80,-8.56,6.87,6.67,0,0,0,15.00
43892,0.78,-4.69,15.04,14.36,13.60,201,0.25,1628,27.00,2.80,100,5,0.00,5.80,-8.56,6.87,6.67,0,0,0,15.00
43958,1.56,-4.69,15.16,14.36,13.68,201,0.25,1652,27.50,2.80,100,4,0.00,5.66,-8.71,6.87,6.67,0,0,0,15.00
44028,2.34,-4.69,15.16,14.36,13.68,201,0.25,1675,27.50,2.84,100,3,0.00,5.51,-8.85,6.90,6.67,0,0,0,15.20
44097,2.34,-4.69,15.04,14.36,13.52,201,0.25,1685,27.50,2.86,100,3,0.00,5.51,-8.85,6.91,6.67,0,0,0,15.20
44165,2.34,-4.69,14.93,14.36,13.68,201,0.24,1702,28.00,2.88,100,2,0.00,5.51,-8.85,6.91,6.67,0,0,0,15.00
44235,2.34,-4.69,14.81,14.36,13.60,201,0.24,1712,28.50,2.90,100,1,0.00,5.37,-9.00,6.91,6.67,0,0,0,15.00
44303,2.34,-4.69,14.70,14.36,13.76,201,0.24,1724,28.50,2.92,100,1,0.00,5.37,-9.00,6.91,6.67,0,0,0,14.80
44373,2.34,-4.69,14.70,14.36,13.60,201,0.24,1733,28.50,2.94,100,0,0.00,5.37,-9.00,6.88,6.67,0,0,0,14.90
44441,1.56,-4.69,14.59,14.36,13.68,201,0.24,1743,28.50,2.96,100,0,0.00,5.37,-9.00,6.88,6.67,0,0,0,14.90
44510,1.56,-4.69,14.59,14.36,13.60,201,0.23,1760,29.00,2.98,100,0,0.00,5.22,-9.14,6.87,6.67,0,0,0,14.30
44579,1.56,-4.69,14.47,14.36,13.68,201,0.23,1765,29.00,2.98,100,0,0.00,5.22,-9.14,6.87,6.67,0,0,0,14.50
44648,1.56,-4.69,14.47,14.36,13.68,201,0.23,1765,29.00,2.99,100,0,0.00,5.22,-9.14,6.88,6.67,0,0,0,14.50
44717,0.78,-4.69,14.47,14.36,13.60,201,0.23,1772,29.00,2.99,100,0,0.00,5.22,-9.14,6.91,6.67,0,0,0,14.40
44786,0.78,-4.69,14.47,14.36,13.52,201,0.24,1763,29.00,2.98,100,0,0.00,5.22,-9.14,6.91,6.67,0,0,0,14.50
44855,0.78,-4.69,14.47,14.36,13.52,201,0.24,1772,29.00,3.00,100,0,0.00,5.08,-9.29,6.92,6.67,0,0,0,14.50
44924,0.78,-4.69,14.47,14.36,13.60,201,0.23,1780,29.00,3.01,100,0,0.00,5.08,-9.29,6.92,6.67,0,0,0,14.50
44994,0.78,-4.69,14.59,14.36,13.60,201,0.24,1780,29.00,3.01,100,0,0.00,5.08,-9.29,6.92,6.67,0,0,0,14.50
45062,0.78,-4.69,14.59,14.36,13.60,201,0.23,1789,29.50,3.03,100,0,0.00,5.08,-9.29,6.88,6.67,0,0,0,14.50
45132,0.78,-4.69,14.59,14.36,13.68,201,0.23,1791,29.50,3.02,100,0,0.00,5.08,-9.29,6.88,6.67,0,0,0,14.50
45200,0.78,-4.69,14.59,14.36,13.68,201,0.23,1789,29.00,3.04,100,0,0.00,5.08,-9.29,6.88,6.67,0,0,0,14.50
45270,0.78,-4.69,14.59,14.36,13.68,201,0.23,1783,29.50,3.06,100,0,0.00,5.08,-9.29,6.81,6.67,0,0,0,14.60
45339,0.78,-4.69,14.59,14.36,13.68,201,0.23,1780,29.50,3.07,100,0,0.00,5.08,-9.29,6.81,6.67,0,0,0,14.60
45408,0.78,-4.69,14.59,14.36,13.60,201,0.23,1778,29.50,3.05,100,0,0.00,5.08,-9.29,6.81,6.67,0,0,0,14.60
45477,0.78,-4.69,14.59,14.36,13.60,201,0.23,1779,29.50,3.06,100,0,0.00,5.08,-9.29,6.81,6.67,0,0,0,14.50
45545,0.78,-4.69,14.59,14.36,13.60,201,0.23,1779,29.50,3.05,100,0,0.00,4.93,-9.43,6.84,6.67,0,0,0,14.50
45614,0.78,-4.69,14.59,14.36,13.68,201,0.23,1776,29.50,3.05,100,0,0.00,4.93,-9.43,6.81,6.67,0,0,0,14.50
45683,0.78,-4.69,14.59,14.36,13.60,201,0.23,1764,29.50,3.04,100,0,0.00,5.08,-9.29,6.85,6.67,0,0,0,14.50
45752,0.78,-4.69,14.59,14.36,13.60,201,0.23,1775,29.50,3.05,100,0,0.00,5.08,-9.29,6.78,6.67,0,0,0,14.50
45822,0.78,-4.69,14.59,14.36,13.68,201,0.23,1774,29.50,3.05,100,0,0.00,5.08,-9.29,6.81,6.67,0,0,0,14.50
45891,0.78,-4.69,14.59,14.36,13.60,201,0.23,1776,29.50,3.06,100,0,0.00,5.08,-9.29,6.81,6.67,0,0,0,14.60
45960,1.56,-4.69,14.59,14.36,13.68,201,0.23,1790,29.50,3.03,100,0,0.00,5.08,-9.29,6.78,6.67,0,0,0,14.60
46028,1.56,-4.69,14.59,14.36,13.60,201,0.23,1794,29.50,3.04,100,0,0.00,4.93,-9.43,6.77,6.67,0,0,0,14.70
46098,1.56,-4.69,14.59,14.36,13.60,201,0.23,1786,29.50,3.03,100,0,0.00,5.08,-9.29,6.78,6.67,0,0,0,14.70
46166,1.56,-4.69,14.59,14.36,13.60,201,0.23,1788,29.50,3.03,100,0,0.00,5.08,-9.29,6.78,6.67,0,0,0,14.60
46235,1.56,-4.69,14.59,14.36,13.60,201,0.23,1793,29.50,3.03,100,0,0.00,4.93,-9.43,6.78,6.67,0,0,0,14.60
46305,1.56,-4.69,14.59,14.36,13.60,201,0.23,1790,29.50,3.03,100,0,0.00,5.08,-9.29,6.78,6.67,0,0,0,14.60
46374,1.56,-4.69,14.59,14.36,13.60,201,0.23,1786,29.50,3.02,100,0,0.00,5.08,-9.29,6.78,6.67,0,0,0,14.50
46443,1.56,-4.69,14.59,14.36,13.68,201,0.23,1786,29.50,3.02,100,0,0.00,5.08,-9.29,6.78,6.67,0,0,0,14.50
46512,1.56,-4.69,14.59,14.36,13.68,201,0.23,1773,29.00,3.00,100,0,0.00,5.08,-9.29,6.78,6.67,0,0,0,14.50
46581,2.34,-4.69,14.59,14.36,13.68,201,0.23,1780,29.00,3.02,100,0,0.00,5.08,-9.29,6.78,6.67,0,0,0,14.60
46650,2.34,-4.69,14.59,14.36,13.68,201,0.23,1764,29.50,3.05,100,0,0.00,5.08,-9.29,6.74,6.67,0,0,0,14.60
46719,2.34,-4.69,14.70,14.36,13.60,201,0.23,1774,29.50,3.06,100,1,0.00,5.08,-9.29,6.74,6.67,0,0,0,14.50
46787,2.34,-4.69,14.59,14.36,13.60,201,0.23,1771,29.50,3.05,100,1,0.00,5.08,-9.29,6.74,6.67,0,0,0,14.50
46857,2.34,-4.69,14.59,14.36,13.60,201,0.23,1774,29.50,3.06,100,1,0.00,5.08,-9.29,6.74,6.67,0,0,0,14.50
46926,2.34,-4.69,14.59,14.36,13.60,201,0.23,1771,29.50,3.05,100,1,0.00,5.08,-9.29,6.74,6.67,0,0,0,14.80
46995,2.34,-4.69,14.59,14.36,13.52,201,0.23,1774,29.50,3.06,100,1,0.00,5.08,-9.29,6.74,6.67,0,0,0,14.50
47064,2.34,-4.69,14.59,14.36,13.68,201,0.23,1775,29.50,3.06,100,2,0.00,5.08,-9.29,6.74,6.67,0,0,0,14.50
47132,2.34,-4.69,14.59,14.36,13.60,201,0.23,1777,29.50,3.05,100,2,0.00,5.08,-9.29,6.75,6.67,0,0,0,14.50
47202,2.34,-4.69,14.59,14.36,13.60,201,0.23,1778,29.50,3.06,100,3,0.00,5.08,-9.29,6.75,6.67,0,0,0,14.60
47270,2.34,-4.69,14.59,14.36,13.60,201,0.22,1772,29.50,3.06,100,3,0.00,5.08,-9.29,6.71,6.67,0,0,0,14.60
47340,2.34,-4.69,14.59,14.36,13.68,201,0.23,1787,29.50,3.05,100,3,0.00,5.08,-9.29,6.71,6.67,0,0,0,14.60
47409,2.34,-4.69,14.59,14.36,13.60,201,0.23,1781,29.50,3.02,100,3,0.00,5.08,-9.29,6.72,6.67,0,0,0,14.60
47478,2.34,-4.69,14.59,14.36,13.36,201,0.22,1791,29.50,3.02,100,4,0.00,5.08,-9.29,6.75,6.67,0,0,0,14.60
47547,2.34,-4.69,14.59,14.36,13.44,199,0.23,1785,29.50,3.02,100,4,0.00,5.08,-9.29,6.71,6.67,0,0,0,14.60
47616,3.12,-4.69,14.59,14.36,13.68,199,0.23,1779,29.50,3.00,100,4,0.00,5.08,-9.29,6.71,6.67,0,0,0,14.60
47685,3.12,-4.69,14.59,14.36,13.68,199,0.23,1776,29.50,3.01,100,5,0.00,5.08,-9.29,6.75,6.67,0,0,0,14.60
47753,3.12,-4.69,14.59,14.36,13.60,199,0.23,1778,29.50,3.00,100,5,0.00,5.08,-9.29,6.72,6.67,0,0,0,14.60
47823,3.12,-4.69,14.59,14.36,13.68,199,0.23,1773,29.00,3.00,100,5,0.00,5.08,-9.29,6.71,6.67,0,0,0,14.50
47892,3.12,-4.69,14.59,14.36,13.60,199,0.23,1776,29.00,3.01,100,6,0.00,5.08,-9.29,6.76,6.67,0,0,0,14.60
47961,3.12,-4.69,14.59,14.36,13.68,199,0.23,1776,29.00,3.00,100,6,0.00,5.08,-9.29,6.76,6.67,0,0,0,14.60
48030,3.12,-4.69,14.59,14.36,13.68,199,0.23,1773,29.00,3.00,100,6,0.00,5.08,-9.29,6.76,6.67,0,0,0,14.60
48099,3.12,-4.69,14.59,14.36,13.52,199,0.23,1780,29.00,3.02,100,7,0.00,5.08,-9.29,6.72,6.67,0,0,0,14.50
48168,3.12,-4.69,14.59,14.36,13.68,199,0.23,1781,29.00,3.02,100,7,0.00,5.08,-9.29,6.72,6.67,0,0,0,14.70
48236,3.12,-4.69,14.59,14.36,13.68,199,0.23,1782,29.00,3.02,100,7,0.00,5.08,-9.29,6.72,6.67,0,0,0,14.70
48306,3.12,-4.69,14.59,14.36,13.68,199,0.23,1758,29.00,3.00,100,8,0.00,5.08,-9.29,6.68,6.67,0,0,0,14.50
48375,3.12,-4.69,14.59,14.36,13.60,199,0.23,1763,29.00,3.03,100,8,0.00,5.08,-9.29,6.72,6.67,0,0,0,14.50
48444,3.12,-4.69,14.59,14.36,13.68,199,0.23,1756,29.00,3.02,100,8,0.00,5.08,-9.29,6.72,6.67,0,0,0,14.50
48513,3.12,-4.69,14.59,14.36,13.44,199,0.23,1760,29.00,3.02,100,8,0.00,5.08,-9.29,6.76,6.67,0,0,0,14.50
48582,3.12,-4.69,14.59,14.36,13.68,199,0.23,1749,29.00,3.01,100,9,0.00,5.22,-9.14,6.72,6.67,0,0,0,14.50
48651,3.12,-4.69,14.59,14.36,13.60,199,0.23,1748,29.00,3.01,100,9,0.00,5.08,-9.29,6.72,6.67,0,0,0,14.50
48720,3.12,-4.69,14.59,14.36,13.60,199,0.23,1752,29.00,3.00,100,10,0.00,5.08,-9.29,6.73,6.67,0,0,0,14.50
48789,3.12,-4.69,14.59,14.36,13.68,199,0.23,1745,29.00,3.01,100,10,0.00,5.22,-9.14,6.73,6.67,0,0,0,14.50
48858,3.12,-4.69,14.59,14.36,13.60,199,0.23,1752,29.00,3.02,100,10,0.00,5.22,-9.14,6.73,6.67,0,0,0,14.50
48927,3.91,-4.69,14.59,14.36,13.60,199,0.23,1753,29.00,3.01,100,10,0.00,5.22,-9.14,6.73,6.67,0,0,0,14.60
48996,3.12,-4.69,14.59,14.36,13.52,199,0.23,1756,29.00,3.01,100,11,0.00,5.22,-9.14,6.76,6.67,0,0,0,14.50
49065,3.91,-4.69,14.59,14.36,13.60,199,0.23,1749,29.00,3.00,100,11,0.00,5.22,-9.14,6.73,6.67,0,0,0,14.50
49134,3.91,-4.69,14.59,14.36,13.52,199,0.23,1738,29.00,2.98,100,11,0.00,5.22,-9.14,6.76,6.67,0,0,0,14.60
49203,3.12,-4.69,14.59,14.36,13.60,199,0.23,1744,29.00,3.00,100,12,0.00,5.22,-9.14,6.73,6.67,0,0,0,14.60
49272,3.91,-4.69,14.59,14.36,13.52,199,0.23,1744,29.00,3.00,100,12,0.00,5.22,-9.14,6.77,6.67,0,0,0,14.50
49340,3.12,-4.69,14.59,14.36,13.60,199,0.23,1748,29.00,3.01,100,12,0.00,5.22,-9.14,6.77,6.67,0,0,0,14.50
49410,3.12,-4.69,14.59,14.36,13.52,199,0.23,1747,29.00,3.01,100,12,0.00,5.22,-9.14,6.76,6.67,0,0,0,14.50
49479,3.12,-4.69,14.59,14.36,13.68,199,0.23,1747,29.00,3.00,100,13,0.00,5.22,-9.14,6.77,6.67,0,0,0,14.50
49548,3.12,-4.69,14.47,14.36,13.68,199,0.23,1754,29.00,3.02,100,13,0.00,5.22,-9.14,6.74,6.67,0,0,0,14.50
49617,3.12,-4.69,14.47,14.36,13.60,199,0.23,1756,29.50,3.02,100,13,0.00,5.22,-9.14,6.73,6.67,0,0,0,14.50
49685,3.12,-4.69,14.47,14.36,13.68,199,0.23,1756,29.50,3.01,100,14,0.00,5.22,-9.14,6.77,6.67,0,0,0,14.40
49755,2.34,-4.69,14.47,14.36,13.60,199,0.23,1744,29.00,2.99,102,14,0.00,5.22,-9.14,6.77,6.67,0,0,0,14.40
49824,2.34,-4.69,14.47,14.36,13.68,199,0.23,1736,29.00,2.99,102,14,0.00,5.22,-9.14,6.73,6.67,0,0,0,14.50
49893,3.12,-4.69,14.47,14.36,13.60,199,0.23,1740,29.00,2.98,102,15,0.00,5.37,-9.00,6.73,6.67,0,0,0,14.40
49962,2.34,-4.69,14.59,14.36,13.76,199,0.23,1732,29.00,2.98,102,15,0.00,5.37,-9.00,6.74,6.67,0,0,0,14.40
50031,2.34,-4.69,14.59,14.36,13.60,199,0.23,1737,29.00,2.97,102,15,0.00,5.37,-9.00,6.77,6.67,0,0,0,14.50
50101,2.34,-4.69,14.59,14.36,13.68,199,0.23,1733,29.00,2.98,102,15,0.00,5.37,-9.00,6.77,6.67,0,0,0,14.60
50169,2.34,-4.69,14.59,14.36,13.60,199,0.23,1738,29.00,2.98,102,16,0.00,5.37,-9.00,6.77,6.67,0,0,0,14.50
50238,2.34,-4.69,14.47,14.36,13.76,199,0.23,1726,29.00,2.96,102,16,0.00,5.37,-9.00,6.78,6.67,0,0,0,14.50
50308,2.34,-4.69,14.47,14.36,13.60,199,0.23,1721,28.50,2.96,102,16,0.00,5.37,-9.00,6.78,6.67,0,0,0,14.50
50376,2.34,-4.69,14.47,14.36,13.68,199,0.24,1720,28.50,2.95,102,17,0.00,5.51,-8.85,6.78,6.67,0,0,0,14.50
50445,1.56,-4.69,14.47,14.36,13.68,199,0.23,1715,28.50,2.96,102,17,0.00,5.51,-8.85,6.78,6.67,0,0,0,14.50
50513,1.56,-4.69,14.47,14.36,13.60,199,0.24,1720,28.50,2.95,102,17,0.00,5.51,-8.85,6.78,6.67,0,0,0,14.50
50584,1.56,-4.69,14.47,14.36,13.68,199,0.24,1710,28.50,2.94,102,18,0.00,5.51,-8.85,6.82,6.67,0,0,0,14.50
50652,1.56,-4.69,14.47,14.36,13.60,199,0.24,1717,28.50,2.95,102,18,0.00,5.51,-8.85,6.82,6.67,0,0,0,14.50
50721,1.56,-4.69,14.47,14.36,13.60,199,0.24,1704,28.50,2.92,102,18,0.00,5.51,-8.85,6.82,6.67,0,0,0,14.50
50790,1.56,-4.69,14.47,14.36,13.60,199,0.24,1704,28.50,2.93,102,18,0.00,5.51,-8.85,6.82,6.67,0,0,0,14.50
50859,0.78,-4.69,14.47,14.36,13.68,199,0.24,1700,28.50,2.92,102,19,0.00,5.51,-8.85,6.82,6.67,0,0,0,14.50
50928,0.78,-4.69,14.47,14.36,13.60,199,0.24,1688,28.00,2.91,102,19,0.00,5.51,-8.85,6.85,6.67,0,0,0,14.40
50997,0.78,-4.69,14.47,14.36,13.68,199,0.25,1684,28.00,2.90,102,19,0.00,5.66,-8.71,6.90,6.67,0,0,0,14.40
51068,0.78,-4.69,14.47,14.36,13.68,199,0.25,1679,28.00,2.89,102,20,0.00,5.66,-8.71,6.86,6.67,0,0,0,14.40
51135,0.00,-4.69,14.36,14.36,13.68,199,0.25,1696,28.00,2.86,102,20,0.00,5.66,-8.71,6.86,6.67,0,0,0,14.50
51204,-0.78,-4.69,14.36,14.36,13.60,199,0.25,1670,27.50,2.83,102,20,0.00,5.66,-8.71,6.82,6.67,0,0,0,14.40
51273,-0.78,-4.69,14.36,14.36,13.52,199,0.25,1666,27.50,2.82,102,20,0.00,5.80,-8.56,6.82,6.67,0,0,0,14.50
51342,-0.78,-4.69,14.36,14.36,13.52,199,0.25,1667,27.50,2.83,102,21,0.00,5.80,-8.56,6.86,6.67,0,0,0,14.50
51411,-0.78,-4.69,14.36,14.36,13.60,199,0.25,1655,28.00,2.81,102,21,0.00,5.80,-8.56,6.86,6.67,0,0,0,14.40
51480,-1.56,-4.69,14.36,14.36,13.76,199,0.25,1656,27.50,2.83,102,21,0.00,5.80,-8.56,6.86,6.67,0,0,0,14.40
51550,-1.56,-4.69,14.47,14.36,13.60,199,0.25,1636,27.50,2.82,102,21,0.00,5.80,-8.56,6.82,6.67,0,0,0,14.40
51618,-1.56,-4.69,14.47,14.36,13.68,199,0.25,1645,27.50,2.83,102,21,0.00,5.80,-8.56,6.90,6.67,0,0,0,14.40
51687,-1.56,-4.69,14.47,14.36,13.52,199,0.25,1628,27.50,2.81,102,21,0.00,5.95,-8.42,6.90,6.67,0,0,0,14.50
51756,-2.34,-4.69,14.47,14.36,13.76,199,0.25,1636,27.50,2.82,102,21,0.00,5.95,-8.42,6.87,6.67,0,0,0,14.50
51826,-2.34,-4.69,14.47,14.36,13.68,199,0.25,1644,27.50,2.77,102,20,0.00,5.95,-8.42,6.87,6.67,0,0,0,14.40
51894,-2.34,-4.69,14.47,14.36,13.60,199,0.25,1658,27.50,2.80,102,19,0.00,5.95,-8.42,6.91,6.67,0,0,0,14.50
51963,-2.34,-4.69,14.47,14.36,13.60,199,0.25,1651,27.50,2.78,102,18,0.00,5.95,-8.42,6.91,6.67,0,0,0,14.50
52033,-2.34,-4.69,14.47,14.36,13.60,199,0.25,1660,27.50,2.80,102,17,0.00,5.80,-8.56,6.91,6.67,0,0,0,14.70
52102,-1.56,-4.69,14.59,14.36,13.68,199,0.25,1657,27.50,2.80,102,15,0.00,5.80,-8.56,6.91,6.67,0,0,0,14.50
52170,-1.56,-4.69,14.59,14.36,13.68,199,0.25,1650,28.00,2.85,102,13,0.00,5.80,-8.56,6.91,6.67,0,0,0,14.50
52239,-0.78,-4.69,14.70,14.36,13.60,199,0.25,1668,28.00,2.88,102,10,0.00,5.66,-8.71,6.91,6.67,0,0,0,14.50
52308,0.78,-4.69,14.81,14.36,13.52,199,0.25,1674,28.00,2.88,102,8,0.00,5.66,-8.71,6.91,6.67,0,0,0,14.80
52378,1.56,-4.69,14.93,14.36,13.60,199,0.24,1689,28.50,2.91,102,6,0.00,5.66,-8.71,6.94,6.67,0,0,0,14.90
52446,2.34,-4.69,15.04,14.36,13.52,199,0.25,1694,28.50,2.92,102,6,0.00,5.51,-8.85,6.94,6.67,0,0,0,14.90
52516,3.12,-4.69,15.04,14.36,13.68,199,0.25,1704,28.50,2.94,102,5,0.00,5.51,-8.85,6.99,6.67,0,0,0,15.10
52584,3.12,-4.69,15.04,14.36,13.60,199,0.24,1714,28.50,2.96,102,4,0.00,5.51,-8.85,6.99,6.67,0,0,0,15.30
52653,3.91,-4.69,15.04,14.36,13.60,199,0.24,1730,28.50,2.98,102,3,0.00,5.37,-9.00,6.95,6.67,0,0,0,15.30
52722,4.69,-4.69,14.93,14.36,13.60,199,0.24,1740,29.00,3.00,102,2,0.00,5.37,-9.00,6.91,6.67,0,0,0,15.20
52791,4.69,-4.69,14.93,14.36,13.60,199,0.24,1752,29.00,3.02,102,2,0.00,5.37,-9.00,6.95,6.67,0,0,0,15.00
52860,4.69,-4.69,14.81,14.36,13.60,199,0.24,1760,29.00,3.03,102,1,0.00,5.22,-9.14,6.95,6.67,0,0,0,15.00
52929,3.91,-4.69,14.70,14.36,13.60,199,0.23,1775,29.50,3.05,102,1,0.00,5.22,-9.14,6.99,6.67,0,0,0,15.00
52999,3.91,-4.69,14.59,14.36,13.52,199,0.23,1777,29.50,3.06,102,0,0.00,5.08,-9.29,6.95,6.67,0,0,0,14.80
53068,3.12,-4.69,14.59,14.36,13.60,199,0.23,1785,30.00,3.07,102,0,0.00,5.22,-9.14,6.95,6.67,0,0,0,14.40
53137,3.12,-4.69,14.47,14.36,13.60,199,0.23,1790,30.00,3.08,102,0,0.00,5.08,-9.29,6.91,6.67,0,0,0,14.40
53206,3.12,-4.69,14.47,14.36,13.60,199,0.23,1790,30.00,3.06,102,0,0.00,5.08,-9.29,6.91,6.67,0,0,0,14.50
53274,2.34,-4.69,14.47,14.36,13.60,199,0.23,1802,30.00,3.06,102,0,0.00,5.08,-9.29,6.88,6.67,0,0,0,14.40
53343,2.34,-4.69,14.36,14.36,13.68,199,0.23,1808,30.00,3.06,102,0,0.00,5.08,-9.29,6.92,6.67,0,0,0,14.40
53412,2.34,-4.69,14.47,14.36,13.60,199,0.23,1805,30.00,3.05,102,0,0.00,5.08,-9.29,6.92,6.67,0,0,0,14.30
53481,2.34,-4.69,14.47,14.36,13.60,199,0.23,1810,30.00,3.06,102,0,0.00,5.08,-9.29,6.92,6.67,0,0,0,14.40
53550,1.56,-4.69,14.47,14.36,13.60,199,0.23,1817,30.00,3.08,102,0,0.00,5.08,-9.29,6.88,6.67,0,0,0,14.40
53623,1.56,-4.69,14.47,14.36,13.60,199,0.23,1816,30.00,3.08,102,0,0.00,5.08,-9.29,6.88,6.67,0,0,0,14.40
53688,1.56,-4.69,14.47,14.36,13.68,199,0.23,1806,30.00,3.11,102,0,0.00,5.08,-9.29,6.88,6.67,0,0,0,14.40
53757,1.56,-4.69,14.47,14.36,13.60,199,0.23,1805,30.00,3.11,102,0,0.00,5.08,-9.29,6.85,6.67,0,0,0,14.40
53827,2.34,-4.69,14.59,14.36,13.68,199,0.23,1808,30.00,3.11,102,0,0.00,5.08,-9.29,6.88,6.67,0,0,0,14.40
53896,2.34,-4.69,14.59,14.36,13.52,199,0.23,1808,30.00,3.11,102,0,0.00,5.08,-9.29,6.88,6.67,0,0,0,14.50
53965,2.34,-4.69,14.59,14.36,13.68,198,0.23,1804,30.00,3.11,102,0,0.00,5.08,-9.29,6.84,6.67,0,0,0,14.50
54033,2.34,-4.69,14.59,14.36,13.68,198,0.23,1803,30.00,3.11,102,0,0.00,5.08,-9.29,6.84,6.67,0,0,0,14.50
54103,2.34,-4.69,14.59,14.36,13.68,198,0.23,1819,30.00,3.07,102,0,0.00,5.08,-9.29,6.85,6.67,0,0,0,14.50
54171,2.34,-4.69,14.59,14.36,13.60,198,0.22,1819,30.00,3.07,102,0,0.00,5.08,-9.29,6.81,6.67,0,0,0,14.60
54240,2.34,-4.69,14.59,14.36,13.60,198,0.23,1814,30.00,3.08,102,0,0.00,5.08,-9.29,6.81,6.67,0,0,0,14.60
54309,2.34,-4.69,14.70,14.36,13.52,198,0.23,1816,30.00,3.07,102,0,0.00,5.08,-9.29,6.81,6.67,0,0,0,14.50
54379,2.34,-4.69,14.59,14.36,13.68,198,0.23,1815,30.00,3.08,102,0,0.00,5.08,-9.29,6.81,6.67,0,0,0,14.50
54448,2.34,-4.69,14.59,14.36,13.60,198,0.23,1810,30.00,3.06,102,0,0.00,5.08,-9.29,6.85,6.67,0,0,0,14.50
54516,2.34,-4.69,14.59,14.36,13.68,198,0.23,1810,29.50,3.06,102,0,0.00,5.08,-9.29,6.81,6.67,0,0,0,14.60
54586,3.12,-4.69,14.59,14.36,13.68,198,0.23,1790,29.50,3.08,102,0,0.00,5.08,-9.29,6.81,6.67,0,0,0,14.70
54655,3.12,-4.69,14.59,14.36,13.60,198,0.23,1789,29.50,3.07,102,0,0.00,5.08,-9.29,6.81,6.67,0,0,0,14.70
54723,3.12,-4.69,14.59,14.36,13.60,198,0.23,1787,29.50,3.07,102,0,0.00,5.08,-9.29,6.81,6.67,0,0,0,14.50
54792,3.12,-4.69,14.70,14.36,13.44,198,0.23,1788,29.50,3.07,102,0,0.00,5.08,-9.29,6.81,6.67,0,0,0,14.90
54862,3.91,-4.69,14.70,14.36,13.60,198,0.23,1784,30.00,3.07,102,0,0.00,5.08,-9.29,6.86,6.67,0,0,0,14.70
54931,3.91,-4.69,14.70,14.36,13.60,198,0.23,1780,30.00,3.05,102,0,0.00,5.08,-9.29,6.82,6.67,0,0,0,14.70
54999,3.91,-4.69,14.70,14.36,13.68,198,0.23,1785,30.00,3.07,102,0,0.00,5.08,-9.29,6.82,6.67,0,0,0,14.70
55068,3.91,-4.69,14.70,14.36,13.60,198,0.23,1783,30.00,3.06,102,0,0.00,5.08,-9.29,6.78,6.67,0,0,0,14.60
55138,3.91,-4.69,14.59,14.36,13.68,198,0.23,1796,30.00,3.04,102,0,0.00,5.08,-9.29,6.78,6.67,0,0,0,14.60
55206,3.91,-4.69,14.59,14.36,13.60,198,0.23,1803,30.00,3.06,102,1,0.00,5.08,-9.29,6.78,6.67,0,0,0,14.80
55275,3.91,-4.69,14.59,14.36,13.60,198,0.23,1806,30.00,3.05,102,1,0.00,5.08,-9.29,6.78,6.67,0,0,0,14.50
55345,3.12,-4.69,14.59,14.36,13.60,198,0.23,1803,30.00,3.05,102,1,0.00,5.08,-9.29,6.78,6.67,0,0,0,14.50
55414,3.12,-4.69,14.59,14.36,13.52,198,0.23,1808,29.50,3.06,102,1,0.00,5.08,-9.29,6.82,6.67,0,0,0,14.50
55482,3.12,-4.69,14.59,14.36,13.68,198,0.23,1809,30.00,3.06,102,1,0.00,5.08,-9.29,6.78,6.67,0,0,0,14.50
55551,3.12,-4.69,14.59,14.36,13.60,198,0.23,1807,30.00,3.06,102,2,0.00,5.08,-9.29,6.82,6.67,0,0,0,14.50
55621,3.12,-4.69,14.59,14.36,13.68,198,0.23,1790,29.50,3.08,102,2,0.00,5.08,-9.29,6.83,6.67,0,0,0,14.50
55690,3.91,-4.69,14.59,14.36,13.52,198,0.23,1790,29.50,3.09,102,2,0.00,5.08,-9.29,6.79,6.67,0,0,0,14.50
55758,3.91,-4.69,14.59,14.36,13.68,198,0.23,1796,30.00,3.09,102,3,0.00,5.08,-9.29,6.75,6.67,0,0,0,14.50
55828,3.91,-4.69,14.59,14.36,13.52,198,0.23,1798,30.00,3.10,102,3,0.00,5.08,-9.29,6.79,6.67,0,0,0,14.50
55896,3.91,-4.69,14.59,14.36,13.68,198,0.22,1796,30.00,3.10,102,4,0.00,5.08,-9.29,6.79,6.67,0,0,0,14.30
55966,3.91,-4.69,14.70,14.36,13.60,198,0.22,1802,30.00,3.11,102,4,0.00,5.08,-9.29,6.75,6.67,0,0,0,14.70
56034,3.91,-4.69,14.59,14.36,13.60,198,0.22,1804,30.00,3.11,102,4,0.00,5.08,-9.29,6.79,6.67,0,0,0,14.70
56104,3.91,-4.69,14.59,14.36,13.60,198,0.22,1819,30.00,3.07,102,5,0.00,5.08,-9.29,6.79,6.67,0,0,0,14.70
56173,3.91,-4.69,14.59,14.36,13.60,198,0.22,1818,30.00,3.08,102,5,0.00,5.08,-9.29,6.79,6.67,0,0,0,14.70
56242,3.91,-4.69,14.59,14.36,13.60,198,0.22,1813,30.00,3.07,102,5,0.00,5.08,-9.29,6.79,6.67,0,0,0,14.70
56310,3.91,-4.69,14.59,14.36,13.52,198,0.23,1808,29.50,3.06,102,6,0.00,5.08,-9.29,6.79,6.67,0,0,0,14.60
56380,3.91,-4.69,14.59,14.36,13.60,198,0.23,1807,30.00,3.05,102,6,0.00,5.08,-9.29,6.76,6.67,0,0,0,14.50
56449,3.91,-4.69,14.59,14.36,13.28,198,0.23,1802,29.50,3.04,102,6,0.00,5.08,-9.29,6.80,6.67,0,0,0,14.50
56517,3.91,-4.69,14.59,14.36,13.44,198,0.23,1802,29.50,3.05,102,7,0.00,5.08,-9.29,6.80,6.67,0,0,0,14.60
56587,3.91,-4.69,14.59,14.36,13.60,198,0.23,1789,29.50,3.07,102,7,0.00,5.08,-9.29,6.76,6.67,0,0,0,14.60
56656,3.91,-4.69,14.59,14.36,13.68,198,0.23,1785,29.50,3.07,102,7,0.00,5.08,-9.29,6.76,6.67,0,0,0,14.60
56725,3.91,-4.69,14.59,14.36,13.68,198,0.23,1777,29.50,3.05,102,8,0.00,5.08,-9.29,6.76,6.67,0,0,0,14.60
56793,3.91,-4.69,14.59,14.36,13.52,198,0.23,1786,29.50,3.07,102,8,0.00,5.08,-9.29,6.76,6.67,0,0,0,14.60
56863,3.91,-4.69,14.59,14.36,13.44,198,0.23,1782,30.00,3.06,102,8,0.00,5.08,-9.29,6.76,6.67,0,0,0,14.50
56932,3.91,-4.69,14.59,14.36,13.68,198,0.23,1766,29.50,3.04,102,9,0.00,5.08,-9.29,6.76,6.67,0,0,0,14.50
57001,3.91,-4.69,14.59,14.36,13.68,198,0.23,1778,29.50,3.05,102,9,0.00,5.08,-9.29,6.80,6.67,0,0,0,14.50
57070,4.69,-4.69,14.59,14.36,13.52,198,0.23,1772,29.50,3.05,102,9,0.00,5.22,-9.14,6.80,6.67,0,0,0,14.50
57139,3.91,-4.69,14.59,14.36,13.76,198,0.23,1772,29.50,3.05,102,10,0.00,5.08,-9.29,6.73,6.67,0,0,0,14.50
57208,4.69,-4.69,14.59,14.36,13.60,198,0.23,1785,29.50,3.02,102,10,0.00,5.22,-9.14,6.76,6.67,0,0,0,14.50
57277,4.69,-4.69,14.59,14.36,13.68,198,0.23,1789,29.50,3.03,102,10,0.00,5.22,-9.14,6.76,6.67,0,0,0,14.50
57345,4.69,-4.69,14.59,14.36,13.60,198,0.23,1790,30.00,3.03,102,11,0.00,5.22,-9.14,6.76,6.67,0,0,0,14.50
57415,4.69,-4.69,14.59,14.36,13.60,198,0.23,1792,29.50,3.03,102,11,0.00,5.22,-9.14,6.76,6.67,0,0,0,14.50
57484,4.69,-4.69,14.59,14.36,13.52,198,0.23,1792,30.00,3.03,102,12,0.00,5.22,-9.14,6.76,6.67,0,0,0,14.50
57552,4.69,-4.69,14.59,14.36,13.60,198,0.23,1798,30.00,3.04,102,12,0.00,5.22,-9.14,6.76,6.67,0,0,0,14.50
57622,4.69,-4.69,14.59,14.36,13.68,198,0.23,1790,29.50,3.02,102,12,0.00,5.22,-9.14,6.76,6.67,0,0,0,14.50
57691,3.91,-4.69,14.59,14.36,13.60,198,0.23,1783,29.50,3.02,102,12,0.00,5.22,-9.14,6.76,6.67,0,0,0,14.50
57760,4.69,-4.69,14.59,14.36,13.68,198,0.23,1770,29.50,3.00,102,13,0.00,5.22,-9.14,6.76,6.67,0,0,0,14.50
57829,4.69,-4.69,14.59,14.36,13.60,198,0.23,1769,29.00,2.99,102,13,0.00,5.22,-9.14,6.76,6.67,0,0,0,14.50
57899,3.91,-4.69,14.59,14.36,13.68,198,0.23,1765,29.00,2.98,102,14,0.00,5.22,-9.14,6.77,6.67,0,0,0,14.50
57967,3.91,-4.69,14.59,14.36,13.60,198,0.23,1760,29.00,2.98,102,14,0.00,5.37,-9.00,6.77,6.67,0,0,0,14.60
58035,3.91,-4.69,14.59,14.36,13.76,198,0.23,1767,29.00,2.99,102,14,0.00,5.22,-9.14,6.77,6.67,0,0,0,14.60
58105,3.91,-4.69,14.59,14.36,13.52,198,0.23,1749,29.00,2.98,102,14,0.00,5.37,-9.00,6.77,6.67,0,0,0,14.50
58174,3.91,-4.69,14.47,14.36,13.76,198,0.23,1754,29.00,3.02,102,15,0.00,5.37,-9.00,6.77,6.67,0,0,0,14.50
58243,3.91,-4.69,14.47,14.36,13.68,198,0.23,1742,29.00,3.00,102,15,0.00,5.37,-9.00,6.81,6.67,0,0,0,14.50
58311,3.91,-4.69,14.47,14.36,13.60,198,0.23,1748,29.00,3.01,102,15,0.00,5.37,-9.00,6.81,6.67,0,0,0,14.40
58381,3.91,-4.69,14.47,14.36,13.60,198,0.23,1746,29.00,3.00,102,16,0.00,5.37,-9.00,6.81,6.67,0,0,0,14.40
58450,3.12,-4.69,14.47,14.36,13.60,198,0.23,1742,29.00,3.00,102,16,0.00,5.37,-9.00,6.81,6.67,0,0,0,14.40
58519,3.12,-4.69,14.47,14.36,13.76,198,0.24,1734,29.00,2.99,102,16,0.00,5.37,-9.00,6.81,6.67,0,0,0,14.50
58588,3.12,-4.69,14.47,14.36,13.60,198,0.24,1737,29.00,2.99,102,17,0.00,5.51,-8.85,6.81,6.67,0,0,0,14.50
58657,3.12,-4.69,14.47,14.36,13.68,198,0.24,1733,29.00,2.99,102,17,0.00,5.37,-9.00,6.82,6.67,0,0,0,14.50
58726,3.12,-4.69,14.47,14.36,13.60,198,0.24,1736,29.00,2.99,102,17,0.00,5.51,-8.85,6.85,6.67,0,0,0,14.50
58794,2.34,-4.69,14.47,14.36,13.68,198,0.24,1722,29.00,2.96,102,18,0.00,5.51,-8.85,6.85,6.67,0,0,0,14.50
58864,2.34,-4.69,14.47,14.36,13.60,198,0.24,1722,28.50,2.97,102,18,0.00,5.51,-8.85,6.85,6.67,0,0,0,14.50
58933,1.56,-4.69,14.36,14.36,13.76,198,0.24,1706,28.50,2.95,102,18,0.00,5.51,-8.85,6.89,6.67,0,0,0,14.50
59002,1.56,-4.69,14.36,14.36,13.68,198,0.24,1714,28.50,2.96,102,19,0.00,5.51,-8.85,6.89,6.67,0,0,0,14.40
59071,1.56,-4.69,14.47,14.36,13.68,198,0.24,1706,28.50,2.94,102,19,0.00,5.66,-8.71,6.89,6.67,0,0,0,14.40
59140,1.56,-4.69,14.47,14.36,13.68,198,0.24,1701,28.50,2.90,102,19,0.00,5.51,-8.85,6.89,6.67,0,0,0,14.40
59210,0.78,-4.69,14.47,14.36,13.60,198,0.24,1708,28.50,2.88,102,19,0.00,5.66,-8.71,6.89,6.67,0,0,0,14.50
59279,0.78,-4.69,14.47,14.36,13.68,198,0.24,1707,28.50,2.88,102,20,0.00,5.66,-8.71,6.89,6.67,0,0,0,14.50
59347,0.78,-4.69,14.47,14.36,13.52,198,0.25,1687,28.00,2.85,102,20,0.00,5.66,-8.71,6.89,6.67,0,0,0,14.50
59416,0.78,-4.69,14.47,14.36,13.68,198,0.25,1702,28.00,2.88,102,20,0.00,5.80,-8.56,6.94,6.67,0,0,0,14.50
59485,0.78,-4.69,14.47,14.36,13.52,198,0.25,1696,28.00,2.86,102,21,0.00,5.80,-8.56,6.94,6.67,0,0,0,14.50
59554,0.00,-4.69,14.47,14.36,13.68,198,0.24,1697,28.50,2.86,102,21,0.00,5.80,-8.56,6.94,6.67,0,0,0,14.50
59623,-0.78,-4.69,14.36,14.36,13.60,198,0.25,1690,28.00,2.86,102,21,0.00,5.80,-8.56,6.94,6.67,0,0,0,14.50
59694,-0.78,-4.69,14.36,14.36,13.68,198,0.25,1684,28.50,2.84,102,21,0.00,5.95,-8.42,6.94,6.67,0,0,0,14.50
59761,-1.56,-4.69,14.36,14.36,13.60,198,0.25,1673,28.00,2.87,102,21,0.00,5.80,-8.56,6.94,6.67,0,0,0,14.50
59831,-1.56,-4.69,14.36,14.36,13.68,198,0.25,1654,28.00,2.85,102,22,0.00,5.95,-8.42,6.94,6.67,0,0,0,14.50
59899,-2.34,-4.69,14.36,14.36,13.60,198,0.25,1657,28.00,2.84,102,22,0.00,5.95,-8.42,6.94,6.67,0,0,0,14.40
59968,-2.34,-4.69,14.36,14.36,13.60,198,0.25,1648,28.00,2.84,102,22,0.00,5.95,-8.42,6.90,6.67,0,0,0,14.40
60037,-2.34,-4.69,14.36,14.36,13.68,198,0.25,1650,27.50,2.83,102,22,0.00,5.95,-8.42,6.98,6.67,0,0,0,14.40
60106,-2.34,-4.69,14.36,14.36,13.60,198,0.26,1641,27.50,2.80,102,21,0.00,5.95,-8.42,6.98,6.67,0,0,0,14.50
60176,-3.12,-4.69,14.36,14.36,13.60,198,0.25,1656,27.50,2.80,102,20,0.00,5.95,-8.42,6.98,6.67,0,0,0,14.40
60244,-3.12,-4.69,14.36,14.36,13.44,198,0.25,1650,27.50,2.80,102,18,0.00,5.95,-8.42,6.98,6.67,0,0,0,14.40
60313,-2.34,-4.69,14.47,14.36,13.68,198,0.25,1667,28.00,2.83,102,16,0.00,5.95,-8.42,7.02,6.67,0,0,0,14.50
60383,-2.34,-4.69,14.59,14.36,13.60,198,0.25,1676,28.00,2.85,102,14,0.00,5.95,-8.42,6.98,6.67,0,0,0,14.60
60451,-1.56,-4.69,14.70,14.36,13.68,198,0.25,1694,28.50,2.87,102,11,0.00,5.80,-8.56,6.98,6.67,0,0,0,14.60
60520,-0.78,-4.69,14.70,14.36,13.68,198,0.25,1680,28.50,2.90,102,9,0.00,5.66,-8.71,6.98,6.67,0,0,0,14.80
60589,0.78,-4.69,14.93,14.36,13.60,198,0.24,1696,28.50,2.93,102,7,0.00,5.66,-8.71,6.98,6.67,0,0,0,14.90
60659,1.56,-4.69,15.04,14.36,13.68,198,0.24,1710,28.50,2.95,102,5,0.00,5.51,-8.85,6.98,6.67,0,0,0,14.90
60727,2.34,-4.69,15.16,14.36,13.52,198,0.24,1721,29.00,2.97,102,4,0.00,5.51,-8.85,6.98,6.67,0,0,0,15.30
60796,3.91,-4.69,15.16,14.36,13.60,198,0.24,1734,29.00,3.00,102,3,0.00,5.51,-8.85,7.02,6.67,0,0,0,15.30
60865,4.69,-4.69,15.16,14.36,13.68,198,0.24,1741,29.00,3.01,102,3,0.00,5.37,-9.00,7.02,6.67,0,0,0,15.10
60934,4.69,-4.69,15.16,14.36,13.68,198,0.24,1758,29.50,3.03,102,2,0.00,5.37,-9.00,7.02,6.67,0,0,0,15.10
61003,4.69,-4.69,15.04,14.36,13.60,198,0.24,1768,29.50,3.05,102,1,0.00,5.37,-9.00,7.03,6.67,0,0,0,15.30
61072,5.47,-4.69,14.93,14.36,13.52,198,0.23,1791,29.50,3.04,102,1,0.00,5.22,-9.14,7.03,6.67,0,0,0,15.10
61141,4.69,-4.69,14.81,14.36,13.60,198,0.23,1796,30.00,3.04,102,0,0.00,5.22,-9.14,6.99,6.67,0,0,0,15.10
61210,4.69,-4.69,14.70,14.36,13.68,198,0.23,1808,30.00,3.06,102,0,0.00,5.22,-9.14,7.03,6.67,0,0,0,15.00
61279,4.69,-4.69,14.59,14.36,13.60,198,0.23,1812,30.00,3.07,102,0,0.00,5.22,-9.14,6.99,6.67,0,0,0,15.00
61348,3.91,-4.69,14.59,14.36,13.68,198,0.23,1823,30.00,3.09,102,0,0.00,5.08,-9.29,6.99,6.67,0,0,0,15.00
61417,3.91,-4.69,14.47,14.36,13.68,198,0.23,1829,30.00,3.10,102,0,0.00,5.08,-9.29,6.99,6.67,0,0,0,14.50
61486,3.12,-4.69,14.47,14.36,13.60,198,0.23,1823,30.00,3.13,102,0,0.00,5.22,-9.14,6.95,6.67,0,0,0,14.40
61555,3.12,-4.69,14.36,14.36,13.60,198,0.23,1825,30.50,3.14,102,0,0.00,5.08,-9.29,6.95,6.67,0,0,0,14.40
61625,3.12,-4.69,14.36,14.36,13.52,198,0.23,1834,30.50,3.16,102,0,0.00,5.08,-9.29,6.99,6.67,0,0,0,14.50
61693,2.34,-4.69,14.36,14.36,13.68,198,0.22,1843,31.00,3.17,102,0,0.00,5.08,-9.29,6.95,6.67,0,0,0,14.40
61762,2.34,-4.69,14.47,14.36,13.68,198,0.22,1847,31.00,3.18,102,0,0.00,5.08,-9.29,6.92,6.67,0,0,0,14.30
61831,2.34,-4.69,14.47,14.36,13.60,198,0.22,1856,31.00,3.14,102,0,0.00,4.93,-9.43,6.92,6.67,0,0,0,14.30
61901,2.34,-4.69,14.47,14.36,13.60,198,0.22,1856,31.00,3.15,102,0,0.00,5.08,-9.29,6.92,6.67,0,0,0,14.50
61969,2.34,-4.69,14.47,14.36,13.68,198,0.23,1854,30.50,3.14,102,0,0.00,5.08,-9.29,6.96,6.67,0,0,0,14.40
62038,2.34,-4.69,14.47,14.36,13.60,196,0.23,1850,30.50,3.17,102,0,0.00,4.93,-9.43,6.96,6.67,0,0,0,14.40
62108,2.34,-4.69,14.59,14.36,13.60,196,0.23,1838,30.50,3.17,102,0,0.00,5.08,-9.29,6.92,6.67,0,0,0,14.50
62177,2.34,-4.69,14.59,14.36,13.60,196,0.23,1832,30.50,3.16,102,0,0.00,5.08,-9.29,6.92,6.67,0,0,0,14.50
62245,3.12,-4.69,14.59,14.36,13.60,196,0.22,1836,30.50,3.16,102,0,0.00,5.08,-9.29,6.92,6.67,0,0,0,14.50
62314,3.12,-4.69,14.59,14.36,13.60,196,0.22,1831,30.50,3.15,102,0,0.00,5.08,-9.29,6.92,6.67,0,0,0,14.50
62384,3.12,-4.69,14.59,14.36,13.60,196,0.22,1855,30.50,3.14,102,0,0.00,5.08,-9.29,6.88,6.67,0,0,0,14.60
62452,3.12,-4.69,14.59,14.36,13.60,196,0.22,1850,31.00,3.12,102,0,0.00,5.08,-9.29,6.88,6.67,0,0,0,14.60
62521,3.12,-4.69,14.70,14.36,13.60,196,0.23,1845,30.50,3.12,102,0,0.00,5.08,-9.29,6.89,6.67,0,0,0,14.50
62591,3.12,-4.69,14.70,14.36,13.60,196,0.23,1834,30.50,3.11,102,0,0.00,5.08,-9.29,6.89,6.67,0,0,0,14.70
62659,3.12,-4.69,14.70,14.36,13.68,196,0.23,1823,30.00,3.14,102,0,0.00,5.08,-9.29,6.89,6.67,0,0,0,14.70
62728,3.91,-4.69,14.70,14.36,13.68,196,0.22,1830,30.50,3.14,102,0,0.00,5.08,-9.29,6.85,6.67,0,0,0,14.60
62798,3.91,-4.69,14.59,14.36,13.60,196,0.22,1827,30.50,3.14,102,0,0.00,5.08,-9.29,6.85,6.67,0,0,0,14.60
62867,3.91,-4.69,14.70,14.36,13.68,196,0.22,1832,30.50,3.16,102,0,0.00,5.08,-9.29,6.85,6.67,0,0,0,14.70
62936,3.91,-4.69,14.70,14.36,13.68,196,0.22,1838,30.50,3.16,102,0,0.00,5.08,-9.29,6.89,6.67,0,0,0,14.70
63005,3.91,-4.69,14.70,14.36,13.60,196,0.22,1843,30.50,3.13,102,0,0.00,5.08,-9.29,6.89,6.67,0,0,0,14.70
63074,3.91,-4.69,14.59,14.36,13.60,196,0.22,1846,30.50,3.13,102,0,0.00,5.08,-9.29,6.85,6.67,0,0,0,14.60
63143,3.91,-4.69,14.59,14.36,13.60,196,0.22,1853,30.50,3.14,102,0,0.00,5.08,-9.29,6.89,6.67,0,0,0,14.60
63211,4.69,-4.69,14.59,14.36,13.44,196,0.22,1852,30.50,3.14,102,0,0.00,5.08,-9.29,6.89,6.67,0,0,0,14.80
63281,4.69,-4.69,14.59,14.36,13.36,196,0.22,1847,30.50,3.18,102,0,0.00,5.08,-9.29,6.86,6.67,0,0,0,14.60
63350,4.69,-4.69,14.59,14.36,13.60,196,0.22,1842,30.50,3.17,102,0,0.00,5.08,-9.29,6.89,6.67,0,0,0,14.60
63419,4.69,-4.69,14.59,14.36,13.60,196,0.22,1838,30.50,3.17,102,1,0.00,5.08,-9.29,6.86,6.67,0,0,0,14.60
63487,4.69,-4.69,14.59,14.36,13.60,196,0.22,1844,31.00,3.17,102,1,0.00,5.08,-9.29,6.86,6.67,0,0,0,14.50
63556,4.69,-4.69,14.59,14.36,13.68,196,0.22,1851,31.00,3.13,102,1,0.00,5.08,-9.29,6.86,6.67,0,0,0,14.50
63626,4.69,-4.69,14.59,14.36,13.52,196,0.22,1853,30.50,3.13,102,1,0.00,5.08,-9.29,6.86,6.67,0,0,0,14.60
63695,4.69,-4.69,14.59,14.36,13.60,196,0.22,1849,30.50,3.13,102,1,0.00,5.08,-9.29,6.82,6.67,0,0,0,14.50
63764,4.69,-4.69,14.59,14.36,13.68,196,0.22,1852,30.50,3.13,102,2,0.00,5.08,-9.29,6.82,6.67,0,0,0,14.60
